ID,Date,Price
44,8602,37.19
35,5368,65.89
2,3391,40.64
47,6694,14.98
29,680,13.08
91,8900,24.59
70,3959,68.68
85,1733,28.53
53,9900,83.55
14,1505,4.32
51,3378,19.8
42,6926,57.77
2,4424,55.77
79,9291,33.17
50,3901,23.57
20,6633,6.49
15,6148,65.53
44,8331,99.19
5,3505,64.18
48,5539,32.42
47,9900,25.66
31,7570,4.16
4,7577,24.13
36,8274,88.64
57,963,57.91
12,4396,72.62
22,7161,56.06
54,7765,28.01
0,3479,97.22
88,1272,80.7
86,9254,71.9
13,4507,26.47
88,1335,29.76
42,6601,22.98
40,3083,72.95
48,6869,27.06
98,30,86.56
2,8212,20.31
51,2187,84.57
91,8363,64.42
14,5388,77.77
55,9904,40.78
95,6984,60.54
61,1696,3.92
98,5352,30.71
54,5658,30.76
27,8517,1.17
78,1085,16.96
83,8384,56.68
6,7808,42.3
26,4990,24.07
75,3585,61
25,6268,59.98
71,8232,93.3
39,7744,60.62
47,4653,2.86
60,9604,41.99
4,7236,24.66
50,1506,12.99
86,638,34.38
97,6433,9.35
7,9541,40.34
21,2001,45.77
75,553,56.05
69,9743,0.82
40,7762,85.49
37,8187,91.75
1,6725,9.99
64,3066,52.91
82,5409,87.17
72,3822,30.65
36,7712,53.92
78,1686,19.87
99,4290,17.76
13,1298,10.4
53,4338,68.68
34,4363,51.12
73,4298,60.37
49,8558,36.87
8,2826,9.68
51,8640,66.76
46,6572,23.63
23,8818,6.48
72,4358,48.23
19,8900,80.6
40,4025,18.59
49,6986,29.05
83,827,19.82
70,4491,26.25
49,6866,71.24
65,7938,64.16
46,4967,18.28
80,8540,69.51
16,6626,71.99
26,1922,28.63
29,5853,71.52
9,3182,62.76
86,4499,51.49
6,784,51.88
31,8350,53.14
22,62,39.22
4,5640,84.57
18,9105,51.04
59,1666,73.5
65,7083,23.42
18,6524,18.23
71,2461,53.53
74,12,23.42
34,1522,47.44
30,160,33.14
16,424,90.22
53,6207,25.94
85,3598,35.96
60,6446,61.15
86,4082,54.77
23,2308,27.06
91,5831,53.13
86,795,79.84
79,8200,74.86
56,5672,64.92
57,3811,82.78
90,2324,87.23
90,7298,11.4
36,6328,91.92
85,1051,23.58
55,4657,39.41
44,1919,39.54
68,8983,28.62
11,8220,92.23
95,1140,50.72
65,5129,11.76
86,6442,11.01
73,6217,58.84
57,4760,37.47
49,1496,65.19
10,987,74.45
16,1415,15.7
46,7497,35.18
41,9727,64.25
14,5998,80.53
15,5062,56.94
58,8742,1.88
65,558,33.84
37,2066,23.4
75,8818,3.52
21,606,46.11
87,4954,53.49
50,7185,13.62
47,1304,22.81
47,5544,45.38
64,9648,49.7
17,3698,91.68
60,2870,31.85
10,3471,68.65
2,9150,76.88
98,4126,54.39
7,3530,51.38
33,6721,10.8
62,5982,41.77
15,5033,88.82
46,1183,10.78
22,6885,66.88
42,3691,42.23
92,8915,45.56
41,5984,78.67
18,7180,83.23
37,2134,60.01
10,8643,89.53
76,1062,80.24
35,9477,27.8
64,9330,19.94
6,4873,44.47
73,7623,39.3
99,6566,74.37
25,8888,2.01
64,3715,89.15
73,5161,22.41
58,4014,24.83
99,1670,28.9
0,1593,59.8
82,2069,47.48
66,8021,51.27
43,1087,92.08
23,3429,62.31
22,200,22.82
80,8532,47.71
92,941,20.43
34,4257,33.83
56,7493,31.61
30,794,25.51
53,2686,47.8
2,4326,10.46
69,3008,33.77
78,4462,47.04
29,8324,50.12
62,8175,79.67
52,9639,45.35
80,5780,16.18
99,9301,32.85
74,9053,64.47
70,2522,32.77
46,1756,57.41
2,2265,93.19
77,547,80.64
42,2915,21.52
44,2682,41.88
26,6736,21.99
99,4202,53.46
81,1383,65.03
95,2830,0.11
84,8871,27.85
30,5170,25.74
8,9869,78.34
25,5231,96.36
68,8292,18.17
58,3163,42.49
57,3769,91.58
18,4019,0.1
39,1168,36.35
66,4685,17.37
2,1512,57.12
23,2106,14.04
10,6066,60.04
4,6303,40.73
39,2017,49.19
81,4791,74.6
39,8973,37.55
72,5684,43.34
26,728,78.27
71,8630,27.65
3,3431,17.83
70,7256,58.74
18,3776,68.7
64,4218,55.54
76,7704,43.94
7,3796,25.57
49,4957,27.99
23,8234,6.81
82,4136,18.29
93,2276,62.41
0,3782,47.82
97,4639,99.6
59,6781,89.07
62,4057,65.21
41,9278,73.99
82,397,99.61
27,4567,98.95
16,5461,8.86
41,2319,3.39
83,2371,3.23
77,1509,82.82
86,6817,56.61
7,400,98.41
77,8480,19.82
89,6523,38.98
17,4627,31.37
95,2896,29.38
74,5583,32.38
6,6603,10.38
97,2384,76.53
84,8846,59.21
18,3650,58.2
62,1738,96.19
90,9772,7.27
66,6527,4.46
58,5774,8.85
16,7969,47.18
45,2806,68.05
16,693,62.92
74,4512,62.65
95,4909,41.84
74,7200,86
87,9309,87.38
7,3521,63.67
69,2647,78.29
16,4376,6.48
69,8868,39.99
21,2547,43.74
90,9663,35.02
5,9159,59.51
47,9572,97.09
35,3958,32.1
40,2718,54.38
82,8295,55.71
11,5988,93.68
43,3479,84.54
22,3799,84.35
39,3769,90.89
74,4396,38.39
54,1990,71.62
6,9165,35.93
68,3698,88.8
57,2886,48.15
95,3585,94.63
6,9056,97.57
70,1572,76.73
58,2857,19.14
20,9287,52.05
34,72,89.49
52,6037,61.03
93,5414,83.37
57,5533,92.47
1,1978,94.42
10,7256,55.33
34,3419,14.91
41,5787,29.75
8,9165,50.52
41,7957,39.15
77,511,94.82
25,3191,65.84
14,887,82.27
53,5389,79.78
1,6952,29.05
47,9049,62.92
23,8327,37.97
58,2451,35.81
57,4970,71.92
23,950,48.94
68,4815,67.47
68,6147,84.79
24,1961,54.35
96,7395,56.62
78,5369,69.06
82,4991,22.04
15,8901,32.26
87,5426,76.65
67,3974,71.56
52,7969,84.55
12,9393,34.92
58,1050,77.56
56,1141,11.39
37,7199,21.57
53,1842,86.65
5,9708,41.94
1,5981,75.24
54,7431,88.09
15,8059,81.52
15,3663,62.89
52,8983,78.38
72,1164,54.39
63,1996,2.74
19,3761,69.87
46,7691,65.62
75,3073,30.96
79,5095,33.73
5,8294,26.84
72,3279,72.12
51,6390,58.06
85,9111,85.51
90,8164,41.02
39,9046,46.89
92,9178,40.98
93,3109,89.34
61,1826,87.33
63,4234,0.27
8,1872,37.59
86,30,8.27
70,480,47.5
3,1618,18.91
53,4091,42.74
30,1726,0.19
58,7105,91.76
19,6228,40.49
91,3773,18.57
37,3228,65.64
10,9987,92.69
97,6351,32.16
34,9594,99.36
39,6328,43.73
51,9017,19.28
12,437,66.59
42,996,87.21
40,4402,1
2,7715,82.05
68,8556,84.7
6,5789,61.76
4,9119,91.3
14,9086,7.56
34,3385,24.25
53,7435,4.11
11,3796,96
19,8203,76.85
1,188,38.87
51,1545,46.66
90,893,96.8
24,3844,30.04
54,1040,59.73
56,8445,22.89
51,3083,24.68
69,4008,76.46
96,4934,91.63
56,3851,54.51
60,5886,2.35
8,269,39
31,1827,83.97
41,2972,39
55,8285,81.41
65,4451,40.51
21,4917,45.78
59,6367,50.84
66,6970,53.04
79,7174,12.28
18,242,29.59
18,4236,65.28
30,8572,60.57
61,7719,53.42
4,2048,26.74
34,8665,61.11
18,8872,50.22
66,7790,22.63
90,1814,51.82
53,7495,98.66
9,6874,79.56
37,6329,61.61
73,8489,7.08
50,2264,94.62
25,2709,46.58
59,2298,18.5
83,1666,53.91
76,2582,59.72
99,3216,80.91
19,1159,30.43
82,9177,50.22
75,8076,41.41
6,4779,99.65
12,9161,6.73
97,1700,19.01
99,9149,42.04
8,8076,30.95
70,1626,84.96
99,7058,36.24
14,8621,63.87
71,7727,51.66
94,3842,77.44
13,897,93.19
80,984,79.98
37,9603,14.83
19,3334,68.83
68,3227,89.86
73,8589,72.63
3,654,30.73
60,9006,85.26
73,1111,94.12
99,9076,57.77
85,98,94.28
0,5017,33.09
31,2974,87.78
16,2626,19.72
94,5038,72.14
24,3275,58.5
3,6933,34.81
73,902,84.64
14,460,98.85
95,5908,74.83
21,2471,29.91
27,2806,78.53
27,7798,34.08
25,8077,90.53
44,7366,66.54
29,6332,70.91
62,8315,99.35
75,4546,41.56
46,9334,6.18
31,8190,26.54
2,6849,1.71
22,7355,50.02
44,3538,66.6
74,9835,90.81
16,4395,96.89
8,7461,0.7
7,1515,24.53
81,1837,66.6
43,2662,44.63
32,8920,48.88
88,6886,25.08
77,1050,90.3
66,876,73.45
80,3565,61.5
31,6513,53.3
80,4461,20.48
71,1960,95.35
64,82,39.86
30,7456,43.57
46,4168,96.64
3,4096,36.44
72,3235,57.71
71,7879,21.21
65,1605,3.39
79,5471,21.98
40,8935,11.73
85,5740,6.03
3,100,38.19
38,1101,24.27
91,7008,28.94
93,9033,80.98
15,5538,32.73
44,5904,80.96
61,3069,17.84
0,2831,59.19
6,2478,28.15
25,9470,29.19
36,4715,54.95
54,421,66.05
16,3473,30.82
33,8876,72.86
77,9874,37.03
54,3765,33.21
66,5332,22.79
13,1188,42.04
10,5176,97.06
88,8802,88.23
37,9218,18.48
94,4270,41.08
90,3856,2.31
22,3188,45.54
93,2735,59.38
23,3680,79.34
25,2106,54.93
55,51,23.88
93,234,20.02
90,9795,72.15
7,6890,71.91
15,6338,19.93
2,1105,18.5
94,2445,5.9
37,165,24.82
10,5242,54.41
2,2277,29.72
14,2124,62.97
52,5896,74.87
29,6796,30.59
69,3282,7.69
86,2495,78.99
75,5289,73.94
88,9051,55.82
70,7135,27.38
73,1944,89.41
77,5769,85.55
83,2865,93.09
60,9935,35.4
96,7373,8.19
98,5532,74.82
81,2600,80.7
59,3101,1.64
0,310,65.51
73,9670,98.87
28,7176,90.91
8,7722,44.72
49,8395,64.27
72,2701,68.21
93,4385,32.27
65,6786,43.61
96,3555,38.41
96,815,83.47
38,5818,60.75
57,9208,59.44
40,3841,5.74
67,2138,35.49
66,3543,85.23
26,4093,45.23
61,3317,87.49
17,5112,43.11
17,1610,20.41
15,1398,79.16
34,1596,92.71
64,2656,46.31
83,1419,34.6
99,4692,62.79
19,6027,68.73
50,4845,52.93
20,2980,50.28
42,9006,86.9
96,8330,18.32
20,8311,70.42
4,7387,88.86
99,9398,19.43
38,1579,36.72
40,787,92.89
25,224,35.83
26,760,44.7
96,9136,55.71
30,2513,25.06
72,3743,0.46
84,9009,1.11
21,8944,8.95
0,1732,32.33
39,82,13.51
77,1756,38.16
49,34,63.48
11,454,54.33
13,8543,20.59
3,284,13.43
22,95,55.32
71,2580,23.78
45,9748,49.69
44,7772,93.51
30,4796,80.1
33,7367,96.63
45,6832,28.6
89,5030,29.2
52,6122,79.5
15,4015,49.45
44,2232,59.9
26,4417,41.6
81,7872,77.16
5,8233,76.63
55,8991,57.13
74,3491,49.88
20,7308,41.22
37,529,81.75
35,276,11.03
73,7130,63.05
42,9963,80.36
12,4076,50.9
18,6719,38.46
50,2883,5.5
6,3687,43.72
89,1255,43.18
79,4052,92.46
60,8108,31.57
42,3362,72.51
46,8513,25.7
94,5284,39.92
81,1716,39.92
91,1907,24.06
41,1258,39.99
73,8478,9.53
54,5644,95.03
34,6842,36.36
53,9341,48.86
48,1676,82.57
14,4270,61.82
18,4328,70.77
43,3205,58.77
81,5125,62.56
42,4337,87.39
15,6790,59.47
76,4415,84.08
99,8913,98.12
28,3354,84.11
33,9390,66.67
67,6460,28.06
83,2955,53.8
83,3730,61.26
73,9962,42.09
54,1606,0.26
21,7735,73.26
88,2675,10.64
75,6264,83.77
66,5900,0.17
58,1057,24.65
93,6822,63.24
10,3049,73.46
62,2203,54.4
37,3012,35.58
84,5833,8.63
56,6226,68.45
53,6426,9.4
46,9159,24.85
85,1870,58.97
75,3107,93.1
42,5893,19.25
61,8894,11.75
85,2738,86.54
16,476,13.95
91,185,47.67
41,8371,90.28
1,5354,76.86
41,6753,27.14
55,3426,20.45
84,294,10.72
36,3377,77.66
25,8745,27.45
88,2411,39.94
91,4056,39.67
36,9816,71.87
93,7498,20.26
51,63,48.77
11,4529,25.68
40,1032,33.77
43,5813,13.54
37,7684,34.23
57,3844,22.66
88,8830,16.71
49,9059,21.27
72,5768,58
66,5709,41.87
1,9244,50.82
25,3889,99.16
63,3530,83.52
12,2932,1.02
17,3496,68.6
67,4046,41.73
24,3987,57.9
72,5415,82.9
43,4695,27.8
1,5562,15.32
76,8032,97.91
11,548,93.5
64,7215,72.96
93,993,79.03
12,594,87.66
57,8953,24.41
26,5083,21.53
73,5108,67.18
50,3600,5.7
9,5768,45.04
34,7860,23.47
51,6112,45.51
54,183,26.98
36,9874,3.81
77,3103,72.17
55,6067,47.05
42,6289,82.45
1,1334,89.68
2,6161,23.71
98,965,71.58
62,7798,83.89
14,2389,23.79
40,5553,2.96
64,1521,90.44
46,7755,88.09
55,9368,69.93
26,7312,12.79
14,2015,11.78
21,6309,96.6
97,642,37.78
96,5863,99.84
2,3729,15.44
22,4129,41.49
34,4323,7.84
47,5215,50.69
37,7173,61.99
99,7631,87.87
68,3876,25.16
15,8875,2.1
65,8874,94.2
99,9332,72.35
12,4639,15.02
38,6474,44.21
77,6158,80.5
38,2780,42.86
21,7466,59.96
29,3544,34.75
1,161,36.77
41,8217,51.97
25,7950,59.67
5,1301,59.27
92,5316,48.39
43,5421,69.28
23,6583,42.74
87,8111,44.46
93,69,32.57
78,5037,94.49
3,6372,82.04
73,1678,35.38
77,411,72.73
63,3511,91.51
29,3511,71.41
88,3896,2.63
72,6539,69.01
84,4534,34.23
13,105,73.7
67,3866,97.99
7,1644,8.79
29,8910,32.69
29,207,79.43
11,6564,15.24
83,4285,10.4
29,3302,71.61
90,3465,78.04
3,94,92.1
10,7662,46.16
98,3886,65.35
64,2860,69.77
56,747,13.16
94,9175,57.78
11,458,8.24
70,9727,12.24
54,826,58.9
68,1848,97.01
70,1782,49.38
17,6060,43.3
80,5047,46.66
66,7131,47.6
72,4846,9.97
50,3796,3.57
2,8168,79.43
4,2637,24.53
70,2770,79.53
81,7162,12.72
37,5738,12.46
14,2621,32.52
17,9070,53.54
77,3378,14.91
2,8178,73.64
33,2487,93.08
71,9404,57.61
24,3673,65.18
93,3480,78.56
4,7412,87.1
0,4245,62.78
3,5034,99.83
22,5086,86.19
17,2249,99.6
82,5357,32.99
20,2537,25
13,212,31.19
64,4863,87.89
75,3474,13.57
79,3403,79.54
50,5066,22.6
39,6953,84.44
8,1702,30.31
23,9210,12.14
39,3373,80.16
50,2960,75.3
53,4114,89.44
45,8893,92.21
84,9756,96.02
1,1831,11.56
51,4870,32.7
46,690,37.29
97,8260,15.81
69,2373,57.62
41,8233,62.94
38,4614,11.4
63,3580,25.33
34,528,2.2
69,9066,54.89
63,5328,83.44
63,7611,31.25
6,6322,85.29
52,660,27.84
26,90,54.15
50,9135,15.55
88,2061,30.03
37,3000,27.82
72,8964,73.79
49,2608,11.63
67,2815,8.93
29,3047,25.94
60,5727,27.44
5,651,20.37
23,7291,83.63
72,6492,72.27
76,8835,11.2
9,1370,13.54
34,2994,62.65
49,40,54.14
49,5146,52.58
88,5265,91.3
9,2646,45.01
69,8157,88.39
17,8168,0.59
46,2826,51.77
33,1530,8.99
93,5427,50.38
8,8928,52.45
96,5810,59.82
72,7251,32.37
65,2733,37.53
52,9074,96.3
94,5423,77.77
19,4053,12.76
18,5904,14.89
60,9709,72.22
54,1138,80.2
55,5101,27.66
14,1849,17.59
10,2249,33.65
5,1647,81.8
52,525,51.46
2,1565,26.12
28,284,85.54
35,132,86.36
30,8896,22.16
16,5960,72.65
18,3450,20.25
50,1316,38.27
29,7641,91.38
51,8902,66.08
41,7766,67.66
5,2441,88.12
33,4759,89.42
8,6873,38.29
23,7702,20.4
60,1261,24.44
36,3321,66.97
31,8219,25.48
27,5312,24.34
25,4657,8.23
4,2218,42.68
73,7661,56.31
56,683,33.83
34,1341,81.2
82,9008,53.62
57,7971,86.07
98,1915,92.03
58,2194,17.73
54,1179,2.32
68,9693,43.43
17,8706,68.54
34,3816,69.98
33,8517,30.43
18,4584,2.44
89,4345,16.82
51,6267,39.64
17,7158,42.08
41,1371,34.06
69,2762,14.08
39,4699,64.82
10,2476,12.44
4,9107,75.2
45,5182,11.26
67,9276,79.6
70,2987,99.13
14,6891,26.94
11,4298,18.74
92,9073,59.74
98,356,52.15
93,2786,57.02
92,7939,47.05
28,3885,82.62
25,8135,68
40,2817,56.17
73,8694,1.54
68,5570,75.22
83,99,81.8
29,9403,51.8
79,3840,82.45
57,3924,63.37
68,3991,72.79
18,7612,11.02
70,8688,87.17
39,802,91
53,9241,88.82
46,9324,16.28
47,6633,77.21
90,2733,12.1
60,9143,26.9
42,6476,92.49
93,4904,3.41
8,9293,55.74
41,1041,55.29
77,2604,85.42
8,3444,64.09
45,4722,28.97
32,1399,65.22
4,9242,4.52
77,2534,19.85
6,8756,7.09
39,9419,25.1
9,7235,41.11
13,2038,56.84
15,5529,54.22
16,8993,29.35
62,9517,78.18
4,5824,1.09
38,6126,76.76
8,5544,54.24
16,1370,34.54
30,7481,52.3
34,9090,91.97
86,4751,18.14
98,5049,57.14
89,9733,6.63
19,1376,55.34
30,4527,6.51
6,40,3.53
84,501,67.69
17,8739,77.6
26,2187,40.9
2,8293,17.56
96,5733,32.07
45,5821,21.69
63,4772,84.73
32,3714,20.29
45,2009,1.22
33,91,96.81
28,2239,19.92
57,199,0.94
13,6380,16
51,8298,3.08
72,1590,96.39
3,8382,38.24
5,7530,38.84
26,6358,87.36
79,6918,48.69
27,9718,6.61
89,5120,76.72
40,9704,63.37
58,7424,24.85
43,761,95.62
95,8686,83.76
61,5905,66.27
83,1350,6.53
63,4957,61.11
96,8722,90.56
7,5289,29.81
67,6181,35.02
46,1526,73.07
73,2966,31.04
76,8784,75.54
50,1041,69.24
47,5734,69.02
29,3206,0.4
86,91,14.74
86,6717,2.12
78,4273,23.06
27,5894,59.48
86,9625,18.87
12,7368,90.54
81,5844,3.96
33,3027,3.06
81,2128,71.96
60,1145,52.74
52,6234,34.15
39,127,89.47
25,8142,48.44
71,2678,24.04
12,1076,70.27
1,9194,95.9
10,9184,52.2
16,5987,18.26
25,2108,36.8
49,7353,13.58
42,498,23.92
16,5613,50.1
48,708,8.73
61,6001,2.82
21,112,92.98
31,6961,35.42
8,345,27.53
85,6313,67.07
31,4724,9.34
40,8839,28.72
53,8348,9.09
10,8064,0.15
54,9202,54.76
26,8737,5.75
60,36,72.87
72,6927,13.43
89,3690,82.31
45,5969,21.19
29,3381,82.05
81,5290,80.37
34,4148,90.42
78,8795,13.4
46,2484,71.3
33,3254,83.9
27,4040,86.57
50,8397,20.56
46,5099,15.22
37,3655,65.12
47,831,88.37
84,5928,99.17
8,1349,32.61
79,1058,55.25
99,3225,48.78
47,8688,74.29
94,2423,82.21
56,9862,75.79
26,9506,69.15
10,2921,66.71
29,491,25.1
70,1904,95.6
29,1676,17.77
0,7071,15.58
52,3754,45.02
16,9031,32.25
93,5223,21.27
34,9497,29.63
89,5548,13.61
50,5437,82.84
26,4538,94.01
54,1313,8.36
4,8087,90.3
6,9192,76.47
69,8434,41.58
63,9133,52.56
84,5460,47.38
77,7046,37.06
80,4426,11.84
91,4762,49.01
2,5810,66.53
41,3786,85.24
23,8427,98.74
15,4401,56.9
28,1959,25.82
68,8603,55.77
30,8822,43.22
28,2015,86.13
80,8722,98.87
2,4756,62.17
80,5540,58.8
30,2037,87.72
99,2160,20.42
43,4891,68.66
67,2337,65.63
19,489,59.51
71,9770,97.76
57,9101,61.44
51,206,61.35
97,9851,48
38,2107,57.1
95,5289,41.76
19,2946,90.14
6,9426,31.96
18,5409,58.97
49,9298,60.09
75,2955,14.65
80,8083,5.15
1,5904,35.16
78,5740,50.36
54,3162,99.23
23,1398,98.01
51,8183,89.95
10,6508,65.74
88,4213,4.12
2,2828,25.25
42,5224,33.84
74,9371,87.13
55,761,70.95
44,1235,16.47
23,65,28.75
1,469,66.47
23,1796,19.9
62,3666,16.45
25,7171,21.06
17,9148,63.15
12,3717,22.39
31,3062,45.12
93,1763,71.6
69,7021,16.62
67,6641,24.79
89,811,10.56
59,2814,32.15
19,984,38.3
98,5139,97.96
82,6413,81.81
63,7859,28.12
20,6492,56.53
65,9987,23.89
24,9820,86.6
53,5091,0.65
49,8873,12.81
29,2876,25.75
64,2947,69.05
7,7275,23.11
92,5795,97.54
34,413,11.58
24,4783,32.29
62,9769,84.49
17,6743,88.94
39,7776,72.77
33,425,46
70,9282,84.27
10,5197,53.06
23,2064,38.82
45,325,44.66
23,4191,41.67
1,5613,28.32
66,5764,54.34
85,6220,29.35
82,2433,4.78
25,7548,42.67
8,2853,37.82
29,8224,88.54
90,11,16.1
19,1870,30.05
77,9312,52.03
19,9173,90.87
8,6383,76.22
61,2212,31.88
82,7261,14.47
10,1806,31.33
97,7123,84.68
92,1382,3.33
72,6226,97.42
52,4541,60.93
27,1768,18.78
62,3996,19.49
93,2508,74.65
73,4461,26.4
59,550,25.63
70,2455,38.08
19,3230,44.05
59,1034,83.41
89,4887,50.21
47,7670,38.7
33,9627,97.82
10,1571,11.39
15,7175,83.67
55,3208,7.75
12,2703,76.17
84,2522,62.43
82,8503,94.42
18,1420,8.55
16,474,17.47
29,5802,50.07
40,7019,43.43
56,7182,18.76
98,3218,54.71
67,821,65.83
90,4168,87.47
21,4249,37.58
41,2008,58.25
79,898,36.3
27,607,99.63
69,712,1.35
90,6452,16.99
90,6978,98.36
39,4171,88.6
53,6741,8.22
43,1524,13.35
37,53,51.14
84,8220,65.29
90,6995,52.29
99,2804,92.87
67,6966,64.26
22,915,72.12
56,8208,22.42
8,2407,60.03
48,9724,27.94
76,3875,53.85
51,8382,32.7
63,2361,60.1
50,5461,11.59
42,9226,27.06
58,8806,40.74
17,2162,50.17
29,9505,40.81
39,1627,12.55
29,9114,70.19
9,8212,35.41
60,662,2.95
39,587,49.09
34,8833,22.88
35,4331,20.14
68,5459,38.82
20,1230,85
39,6769,44.17
19,2226,63.14
67,1911,59.14
9,9760,48.42
81,9649,50.43
42,2006,3.37
82,3670,40.3
64,2828,40.99
94,6835,46.01
15,1238,40.43
72,8695,30.36
48,4337,97.17
44,7847,10.74
52,9734,50.63
42,4688,15.7
81,3573,35.04
29,8161,32.83
15,7878,83.61
3,6969,59.01
32,1305,38.15
74,1042,33.46
57,9540,23.14
88,5318,14.16
46,7788,57.1
6,9077,4.91
88,249,76.3
56,6999,8.71
62,4371,65.32
42,9161,98.73
90,2149,27.94
51,2587,6.12
41,3777,51
64,498,68.54
28,3826,65.11
63,1892,77.17
0,831,33.13
31,7735,9.59
77,8345,49.83
15,8856,50.38
67,2592,41.92
48,5887,77.88
38,6784,30.25
85,1852,43.01
8,8041,45.13
59,8186,1.69
96,1,84.93
63,1758,56.17
11,2387,34.42
75,7411,9.45
5,2820,10.19
2,3928,84.07
1,4685,68.55
34,6015,73.2
26,9567,44.53
56,8543,70.63
83,3399,53.97
4,4046,61.21
55,5429,23.88
87,235,59.33
42,1183,67.34
11,578,76
9,9009,90.19
47,4396,16.13
86,6036,70
1,4474,14.82
54,1542,30.54
19,870,53.97
50,5016,19.43
90,2237,10.71
32,2910,6.64
54,8443,4.19
72,3159,88.41
56,7931,24.88
68,8497,62.59
63,9132,61.96
35,7963,15.82
87,8486,10.72
28,8251,43.99
99,1146,20.27
2,4954,88.03
70,4248,16.45
62,4019,57.8
62,9428,96.5
86,513,15.54
86,6327,11.22
63,2645,99.41
15,1960,39.48
67,2504,38.81
0,5742,35.73
14,3123,38.64
80,8425,54.8
20,9125,14.21
79,596,91.27
20,9806,45.55
52,5941,72.79
30,1928,60.41
20,273,36.54
51,2718,26.62
63,6661,36.26
50,4653,9.69
98,9731,36.37
15,3351,80.29
93,7008,35.05
26,8716,61.12
64,346,30.82
66,356,66.6
58,4821,51.16
73,994,68.42
65,9697,29.83
96,2702,10.33
12,1116,9.29
43,9344,22.96
24,2505,75.41
72,71,89.65
50,919,93.87
38,7024,17.57
44,3376,74.67
7,5707,32.57
37,4090,30.69
58,1494,62.03
64,6165,62.37
12,453,16.81
7,5012,98.23
38,9405,86.18
4,4743,74.12
51,983,74.2
68,1558,44.27
14,7364,72.05
25,5637,70.53
74,1990,39.91
36,2383,63.06
67,7247,81.25
93,3244,22.7
12,1883,47.42
27,3924,42.72
17,7307,97.96
64,4300,20.27
92,1864,89.53
66,2759,68.17
58,9863,24.4
54,8736,87.33
87,2035,23.16
98,9491,80.98
52,1069,13.64
53,3807,44.4
46,3079,97.78
92,5664,12.61
12,2174,91.82
41,8283,65.54
27,7909,13.71
14,5260,18.1
27,853,82.94
92,6526,83.66
20,1261,2.75
71,4272,84.87
35,6128,40.83
51,4510,34.28
84,2351,92.14
35,20,18.85
20,9950,48.8
33,1800,1.47
0,6689,84.86
66,674,24.19
84,3200,3.03
63,5239,20.79
71,3186,71.87
9,6253,28.63
66,6009,7.74
84,4556,12.95
4,7999,64.77
47,9126,65.53
92,9567,13.87
42,9517,83.11
19,7284,69.38
54,1004,36.83
37,1562,17.64
7,363,57.15
10,7682,66.23
5,9912,1.77
2,7297,30.92
87,1445,50.88
93,583,17.18
63,7462,5.03
43,3301,83.93
70,6562,36.48
33,5648,22.52
5,4403,73.44
6,3287,2.44
58,5314,68.16
89,8040,97.07
33,3278,72.86
46,918,99.22
4,8914,87.87
60,836,39.42
29,7279,16.79
11,4123,33.25
63,9000,58.38
25,441,64.6
44,90,38.25
43,7913,16.6
10,4141,37.88
54,4044,62.21
53,9397,84.32
76,962,86.35
7,7205,96.65
7,8097,76.41
44,2505,29.73
94,7530,12.9
30,2429,13.07
10,4861,57.4
50,7086,78.77
79,7143,16.3
42,9750,59.46
10,7856,87.55
56,2406,89.29
8,8067,87.48
7,2810,79.36
61,7159,40.58
91,5988,37.15
54,5652,45.26
13,7875,51.31
4,3320,16.46
65,878,1.1
98,3630,7.97
32,7928,29.28
7,323,3.35
59,1240,14.92
67,5817,77.73
51,3834,86.2
7,4514,71.14
86,1324,69.24
74,1709,1.46
43,9013,6.95
66,967,60.87
86,3155,54.94
67,7685,43.44
94,8300,40.26
20,1205,77.16
89,9723,42.84
44,5420,88.58
6,3059,34.55
81,6377,25.36
79,5628,37.22
88,2749,83.31
76,103,37.04
20,9183,40.99
90,4955,5.63
87,3711,85.95
67,6644,67.6
30,9732,54.36
79,5865,41.21
38,7134,90.03
72,3705,84.85
82,9809,33.26
16,5051,75.69
84,6602,96.14
86,7504,83.45
47,1103,84.49
59,5178,48.71
88,4784,16.71
26,8164,93.89
29,205,97.03
39,3509,18.63
91,3900,83.22
5,2119,27.56
36,9686,27.62
63,8698,16.96
93,3208,35.48
60,5770,78.51
27,938,97.48
70,7871,61.05
65,2801,57.52
44,2322,10.13
85,656,74.89
91,7041,87.87
50,7669,92.25
32,3904,97.24
81,9063,20.12
65,2805,20.71
11,7299,68.7
76,687,25.38
27,846,4.73
94,8749,44.48
18,91,37.62
8,9951,37.84
29,1116,56.54
54,3489,84.54
60,6227,98.14
33,5568,37.47
8,7911,57.48
5,9415,89.54
69,3688,67.76
80,9584,65.48
87,3639,31.32
98,600,66.86
25,340,77.91
55,6551,31.71
61,7824,84.69
30,3089,81.64
71,1516,97.77
86,3452,84.72
97,273,80.92
89,2867,37.71
2,7596,45.76
81,7946,52.95
68,2920,82.23
68,7129,30.2
5,1985,80.86
46,7100,15.23
14,4660,60.15
0,2606,15.88
15,6723,61.8
14,8046,39.8
27,214,21.01
44,7232,86.52
18,3826,69.37
33,8749,20.88
20,5035,31.13
67,4489,78.47
38,9687,32.9
61,144,48.28
21,5684,17.62
76,5661,25.98
34,1034,5.77
53,6396,10.9
66,819,14.56
1,1128,28.11
91,5426,22.67
16,7494,34.6
49,7088,19.4
36,7922,92.69
77,3448,21.85
66,6298,93.69
79,5210,17.6
91,2921,94.06
17,1159,96.87
37,2653,3.73
53,3277,60.4
76,9697,86.57
54,1239,23.89
14,406,70.65
90,4197,68.75
83,1330,37.89
27,2827,77.07
26,4924,50.75
4,739,49.01
56,8612,0.19
16,1882,89.63
39,1748,33
33,2669,69.19
13,6081,16
98,7834,75.36
70,5545,68.93
63,1355,46.92
43,4870,67.15
17,1321,82.02
78,5851,47.09
65,7694,46.1
1,9386,58.6
9,3258,96.92
58,3213,21.66
98,7665,62.11
55,8625,74.86
14,8382,38.04
27,9118,97.49
4,7842,22.48
22,3744,6.4
40,6035,0.25
78,3442,71.26
88,6780,58.09
5,5486,23.9
85,1345,13.95
15,6211,33.54
41,8105,74.19
56,8964,77.32
31,5386,42.43
20,3749,93.59
32,2173,90.94
22,4947,43.95
18,8600,97.12
38,6943,29.72
70,8975,44.07
42,2486,18.49
69,1977,71.2
12,2533,98.34
0,7039,90.21
95,2592,84.51
46,7529,46.04
26,9410,13.51
75,628,64.73
74,3808,6.91
30,3837,62.5
68,2180,76.53
23,9510,51.12
43,3321,60.22
96,5915,85.2
0,5126,97.51
27,9245,19.07
73,7703,60.32
59,9241,69.29
46,4038,1.07
33,578,26.4
16,3012,3.58
61,4786,58.09
43,7972,23.35
34,3638,36.82
59,585,83.45
20,9283,84.1
0,6395,15.25
43,3624,56.5
85,6707,84.62
69,2004,58.17
26,565,22.91
52,657,47.59
10,1665,65.31
6,8445,53.89
87,9729,6.7
66,4640,65.45
95,6093,6.17
11,3702,94.43
46,6515,27.6
92,4255,75.43
10,1145,73.24
20,1272,22.9
45,9336,16.54
41,4471,0.36
0,3486,24.39
92,494,67.21
17,410,14.49
81,5783,43.7
68,3566,99.79
82,9017,72.97
57,6119,64.13
60,7283,67.57
5,4328,39.77
84,9755,31.32
80,1730,25.42
10,806,28.34
59,7269,22.16
24,2801,5.09
70,1900,11.74
21,9510,39.08
60,1890,82.46
9,1744,97.48
51,4599,78.57
43,9495,78.2
94,7150,74.72
98,4939,27.39
69,4057,58.12
16,5522,25.43
16,2428,81.27
30,3801,68.45
81,2140,79.58
25,8109,75.62
29,7468,10.12
17,9708,31.86
15,8172,94.34
49,921,97.65
37,1045,96.37
34,1405,63.16
0,2054,39.95
44,2766,45.83
43,4504,90.69
76,3390,24.08
32,6341,76.49
46,6469,73.43
10,4756,59.7
1,1492,62.53
37,358,54.28
73,5734,3.11
53,5802,37.76
51,2943,26.5
24,4457,44.49
5,8429,17.35
12,8744,4.95
94,2463,68.78
96,6561,19.51
70,5990,7.27
81,6579,6.88
57,4007,78.03
62,1484,1.79
51,1935,5.17
89,7929,30.3
83,4703,83.8
92,8294,93.41
40,5901,26.6
6,74,37.56
96,6960,42.58
5,5131,52.36
75,2804,53.84
72,9120,75.63
19,9671,7.62
22,8550,47.85
63,9497,23.9
24,2892,18.31
6,4295,14.16
5,5865,72.2
88,459,85.6
76,2157,84.44
26,3293,46.28
32,1182,71.42
45,1420,47.39
26,7822,29
15,5853,91.54
77,5188,94.46
53,9115,65.21
43,4895,8.27
29,9444,20.23
68,5245,98.62
54,1775,72.86
93,3783,41.58
76,9540,69.57
87,9570,30.54
72,3491,19.72
61,5157,84.35
67,9800,15.51
19,6979,76.09
37,9310,55.11
92,5350,18.6
7,5475,80.57
2,6614,21.16
70,9898,24.56
50,4506,23.82
79,574,63.77
28,5548,88.77
17,8236,66.59
62,772,77.8
58,4838,86.77
68,5134,93.76
18,5845,57.29
79,1956,23.55
2,8225,81.96
57,9867,22.36
79,2238,34.72
64,1753,8.55
0,9197,36.06
90,1924,95.69
71,3844,60.21
28,7641,18.33
82,5300,83.83
51,2882,70.34
70,7758,48.75
12,9738,80.67
80,3769,86.57
24,1777,68.7
41,5652,61.75
63,8538,42.92
54,7390,90.83
98,8599,98.34
0,2575,92.01
68,9005,48.58
30,2067,92.46
54,9482,92.93
95,6358,11.27
74,6453,59.25
93,7363,89.17
85,8736,91.53
93,6108,74.11
75,1000,15.67
36,6339,85.46
7,9114,7.94
13,4745,90.62
55,7739,62.46
74,3910,52.66
82,5514,8.08
75,3880,36.14
80,5739,11.85
64,6390,20.84
74,6633,78.78
41,9951,68.27
5,9976,39.8
4,4951,8.37
92,9278,84.12
47,3602,78.31
67,5319,19.09
34,6022,68.26
50,3553,42.96
90,9793,72.5
90,14,84.83
14,5888,53.01
33,3241,56.32
44,2516,74.23
97,9925,89.67
88,5100,51.04
0,3239,72.06
37,7454,82.84
1,5780,5.77
53,5554,99.12
58,2039,30.18
75,8674,55.56
22,7170,84.03
46,5593,13.81
91,2242,57.74
63,8861,3.76
90,2864,51.8
24,4745,24.19
34,6287,4.31
87,8387,77.65
70,6586,66.7
23,723,54.24
98,1224,11.9
66,5093,25.32
41,9150,6.42
34,360,54.83
12,5553,23.77
88,7157,52.77
32,4804,42.93
85,4919,80.09
82,8394,47.52
93,8420,48.52
6,502,65.23
24,1476,57.71
89,9513,27.74
87,4072,82.93
43,8000,22.28
72,7375,91.31
79,9827,39.12
37,5697,7.42
90,3881,92.62
24,65,20.25
95,2565,25.44
43,8762,60.31
79,9372,98.43
37,3531,97.15
15,9844,21.79
13,9099,26.67
21,1574,67.67
73,671,74.97
63,1079,82.4
47,4349,4.22
98,2946,70.05
90,3063,69.61
76,9262,74.29
30,3263,98.76
48,9505,30.08
40,5133,52.26
90,7196,58.81
10,5875,8.6
33,8577,13.13
43,8938,7.9
47,9176,23.63
78,994,47.23
98,7748,42.3
29,9331,5.14
74,3702,60.48
45,6841,29.03
53,3315,80.62
81,6834,29.09
61,1027,2.64
1,8978,45.98
66,2488,15.63
74,5868,77.34
12,5631,59.51
97,3310,57.95
83,326,56.78
63,7334,91.04
33,3961,5.82
42,3584,48.18
70,3291,11.23
15,3416,86.07
88,3867,54.22
96,6248,95.85
86,7733,49.85
78,1716,1.2
13,3616,67.4
32,981,34.33
69,2134,37.2
87,8410,65.2
42,2566,12.19
80,7086,46.02
94,8485,93.08
9,733,40.48
6,7852,95.09
66,5513,78.4
25,1981,96.97
66,4403,9.51
27,2594,30.88
77,5287,24.79
1,8989,14.65
45,231,91.88
53,8332,98.17
23,8519,35.85
61,2315,4.65
23,2580,20.08
5,8218,73.47
7,7549,17.09
42,119,32.71
54,2523,33.84
78,4993,36.85
64,7588,33.74
95,1154,16.26
21,4159,24.48
27,7767,95.18
93,5018,98.67
79,8828,93.68
79,9020,55.9
73,4847,65.07
99,3697,93.69
8,4270,71.86
61,526,83.15
88,577,36.67
5,2552,68.58
3,4142,98.5
82,341,18.74
74,708,16.6
85,1297,9.27
78,5057,18.87
25,9518,62.55
92,734,70.16
32,5199,10.24
18,6181,40.47
20,6921,17.99
82,1292,23.86
35,4370,90
14,1565,3.09
92,3365,98.37
89,3246,48.67
40,6954,10.22
34,2924,90.35
22,4793,89.2
25,9739,39.22
26,1285,66.05
86,8706,21.59
91,323,9.59
4,4645,29.74
2,712,60.65
89,7337,39.72
3,5823,91.52
81,4686,36.56
29,5889,1.27
80,3083,75.15
24,1773,47.55
83,6170,91.95
10,7082,5.01
94,5966,28.22
94,40,15.68
57,9474,68.71
62,7585,47.25
28,1908,33.82
76,401,17.63
61,7129,76.03
14,6599,22.75
54,2885,27.66
72,4430,24.92
0,6047,94.19
13,7842,96.82
15,187,22.89
94,4312,34.65
22,3816,39.79
99,7463,98.58
63,6405,22.38
45,3224,39.29
64,3166,4.85
33,4306,21.67
18,4800,95.71
72,4341,96.56
6,9377,92.25
43,2982,67.22
39,6668,39.27
84,1474,69.61
54,7221,67.28
64,5770,82.72
94,2916,8.99
85,7998,35.67
18,3793,14.33
20,1083,55.63
24,4119,89.61
76,9712,61.32
24,2569,13.67
30,7862,0.09
68,3335,88.18
28,1938,86.85
48,2861,87.07
89,2725,67.58
75,3772,43.02
38,4109,89.65
77,7510,43.21
82,5472,38.98
1,7106,86.57
37,7426,0.45
92,6910,79.2
61,8231,90.62
89,100,90.17
54,853,3.41
24,1165,15.24
75,6720,60.35
72,9723,79.86
64,5623,25.25
0,8451,54.32
92,3245,56.85
98,8992,20.98
6,6195,28.47
65,4126,27.49
98,5686,79.83
52,5068,92.22
77,3965,24.4
78,9025,59.03
43,4934,89.75
24,4362,76.13
59,4265,80.32
11,4548,40.56
8,4738,66.26
40,7511,60.05
4,9100,32.81
86,1452,57.45
39,5928,1.33
89,6517,32.14
78,8227,37.63
24,9830,48.83
55,4968,53.63
96,9507,66.15
72,5397,82.64
78,5817,61.64
93,326,23.81
60,2894,69.87
26,2998,75.77
60,1616,58.78
80,2080,3.44
73,895,80.99
6,4003,55.92
2,8113,80.41
34,2251,4.55
59,6716,40.84
26,8788,35.42
30,9763,4.33
23,3409,40.18
4,6575,96.24
71,7505,53.41
34,2818,97.05
63,6598,12.74
74,1827,13.12
53,7420,55.95
38,4455,63.9
50,502,89.98
14,8574,92.8
19,5614,30.76
81,8858,80.94
84,4473,55.34
27,361,12.55
56,8685,14.23
68,4111,98.28
92,3824,1.04
15,4375,27.5
37,452,82.9
17,8696,34.62
43,6690,71.56
60,2408,35.35
15,7958,87.74
26,220,21.78
95,8735,60.66
97,6747,26.55
32,3364,86.35
29,7494,15.84
9,6658,75.99
18,1243,9.58
56,3199,7.71
44,6263,0.76
89,767,67.42
30,7860,58.82
1,3074,56.01
6,1383,0.78
71,6388,22.98
19,4093,8.42
9,115,13.77
10,216,80.45
11,401,92.36
0,7791,69.42
12,9582,17.85
78,7102,48.82
66,8133,87.95
19,7226,3.64
72,9095,48.12
88,1087,49.21
50,264,34.39
99,7695,23.73
78,6785,13.77
17,3215,34.45
13,2371,87.18
16,2330,85.24
23,7002,14.32
4,4246,14.69
32,4458,82.02
13,6583,50.11
49,9136,78.93
35,1315,55.14
40,2730,55.88
82,6877,8.2
1,1298,55.91
3,9125,94.35
63,1638,41.74
57,2726,9.59
57,2042,39.6
57,2885,26.18
72,407,81.77
49,9552,55.63
61,7728,15.6
61,529,58.01
29,3010,72.41
55,4348,1.61
16,9197,61.91
76,262,37.43
58,1059,67.95
97,3877,12.05
44,7598,58.47
97,887,13.63
86,1067,22.15
69,4984,90.7
50,5398,97.88
62,573,7.11
24,4227,67.25
99,6047,92.29
40,2389,21.16
19,4346,47.68
30,4671,12.32
79,5117,11.97
8,4762,84.12
31,4078,93.55
75,8460,12.96
82,5873,71.39
11,7918,1.21
55,3944,63.81
15,5531,22.76
12,7110,50.73
83,2323,55.2
11,4582,5.87
51,1537,83.38
76,6146,77.89
71,6244,22.01
59,8523,45.64
16,3594,55.41
68,3161,48.33
62,9520,37.96
55,9855,58.9
58,3446,40.08
41,429,10.55
53,2235,95.72
18,7641,20.24
22,4567,49.13
18,2062,35.53
81,5407,48.55
19,9982,69.9
38,757,98.92
18,3152,0.58
25,4632,46.29
65,5189,67.22
17,892,66.24
89,7884,78.58
62,3673,44.78
92,9696,85.21
2,9701,50.63
25,8154,84.92
34,7814,41.9
64,4843,19.33
93,6575,40.87
30,2171,20.73
74,6423,62.21
57,8524,96.95
59,9585,1.05
97,5430,26.28
71,8454,19.99
87,1154,48.62
26,8484,62.28
49,4749,80.75
97,7849,66.5
13,2146,30.73
43,9196,22.84
18,2749,22.13
32,3683,3.01
69,4274,2.61
8,9175,26
11,2126,49.03
38,884,56.9
43,9604,82.97
32,6884,75.65
20,589,79.72
67,4626,69.67
23,8059,18.69
60,7903,95.09
71,3782,54.65
66,2334,81.28
33,1195,90.2
54,9792,48.47
99,5226,21.34
59,9182,15.7
97,585,54.83
21,584,35.1
28,886,52.05
48,1059,51.2
75,8118,12.11
27,1965,18.09
69,2210,18.24
93,576,97.62
41,7931,83.56
80,7246,78.57
80,3282,43.3
45,4899,79.95
94,7989,73.11
6,537,66.58
50,1326,63.58
97,6897,61.58
90,5446,2.13
23,4717,63.49
75,8605,19.13
56,9481,62.68
29,9986,96.56
33,1291,40.12
51,8494,41.14
2,811,70.72
18,7538,20.71
74,4789,28.65
5,6802,20.12
56,5178,41.9
62,9850,45.21
40,1182,46.75
71,9997,42.03
0,3370,43.32
50,876,7.82
30,438,55.16
54,4543,21.49
1,2584,49.22
7,9683,77.65
63,8158,51.39
46,574,23.72
71,5690,30.24
22,3881,31.16
69,524,89.35
97,5047,88.47
71,1540,16.82
97,7167,42.14
90,1178,6.47
47,4916,3.78
55,7528,44.18
6,5139,90.91
14,6255,51.83
75,456,0.9
47,4208,16.02
98,217,37.52
50,2557,5.3
87,100,92.62
34,6860,29.39
28,7225,26.05
75,1196,25.26
10,3660,71.3
48,9816,10.91
33,6683,5.56
22,6246,25.21
44,1072,93.8
79,382,73.29
79,5263,2.94
5,6191,84.76
83,4532,72.12
4,7252,45.62
26,7593,48.02
19,6139,78.79
32,3153,69.83
65,1881,58.63
11,6850,58.43
98,6560,48.87
54,3342,28.01
40,4591,85.9
93,844,9.46
28,5719,3.78
66,7332,82.19
75,6332,89.53
63,2828,17.02
7,3173,1.48
93,3166,20.83
73,7783,57.37
41,8908,69.99
73,2511,38.46
69,419,37.65
40,6029,0.58
47,8759,96.05
22,2309,46.53
90,7151,23.84
90,8093,94.98
65,9114,21.11
67,2123,28.07
78,2503,28.51
42,2126,81.13
60,5936,49.7
26,518,4.09
55,2988,86.61
72,6827,60.26
91,3090,11.35
48,3873,60.55
20,6500,44.84
46,1330,85.83
91,2515,63.48
82,3840,55.2
95,4009,69.19
13,1045,79.2
75,6205,74.54
95,7860,14.8
20,8257,15.02
73,6590,73.55
82,8831,62.51
27,8181,22.31
71,7169,78.56
29,1260,22.53
89,6928,48.09
87,4909,82.14
62,4865,64.8
85,3135,28.97
99,1388,45.54
16,2091,68.76
55,6316,52.4
43,9486,25.72
44,2235,73.61
20,5717,98.01
43,375,97.79
99,6009,4.24
46,3259,58.89
35,458,57.53
6,72,86.51
68,4342,38.89
42,7933,31.41
81,1512,84.35
12,3313,34.99
55,5709,33.59
14,5553,82.23
37,7347,83.91
9,5643,97.84
60,7396,84.13
53,3940,33.8
92,3481,56.48
66,24,87.5
14,9373,92.11
33,4001,29.48
80,751,44.21
84,1407,72.76
9,7522,89.71
44,42,95.25
27,8243,28.01
17,2272,22.07
91,2183,33.09
98,9417,17.27
36,3294,3.36
34,5857,80.36
44,1194,10.55
67,8985,23.03
41,7766,75.78
25,3653,31.03
48,1135,17.59
92,7045,18.5
0,9144,22.2
71,4851,30.23
15,7760,0.7
98,1913,92.81
60,1098,91.09
62,7094,88.44
47,3186,32.27
24,4937,82.09
57,3281,18.61
28,6200,11.08
0,6235,56.26
79,1098,99.82
51,5954,26.14
74,2200,45.9
83,885,19.26
94,6128,61.89
56,2894,63.63
43,5209,62.34
69,1378,64.41
37,421,20.62
80,5501,69.65
18,5834,55.9
59,4814,47.21
80,9746,57.58
87,5714,70.86
4,7763,75.54
94,2244,82.33
35,8868,46.07
7,5456,76.02
13,2643,45.39
27,3801,66.84
97,2249,85.37
32,2126,17.61
23,7857,81.75
43,2060,99.2
1,2995,68.03
89,5529,16.14
89,1810,43.79
12,8761,92.18
51,9747,43.7
96,7721,65.18
97,9920,75.77
89,3262,22.28
1,2100,12.13
85,6022,17.35
30,7325,52.9
2,1869,38.95
3,6054,41.6
63,135,53.9
4,5466,27.93
60,2718,0.49
87,2545,67.37
78,7011,65.93
39,3443,6.78
89,3976,27.52
39,1184,38.44
60,1183,32.64
94,8796,58.46
63,3242,58.27
67,5907,44.14
75,1724,97.88
82,5206,23.23
16,4445,85.51
13,6025,55.21
34,1003,93.48
82,6961,77.36
56,8170,94.92
74,4136,50.59
61,3740,11.03
11,8319,42.43
3,6254,53.11
2,9447,89.27
74,5474,2.52
84,3578,47.21
73,5699,45.78
7,5041,42.03
73,8614,88.74
64,3248,40.7
42,3425,8.46
31,4330,71.01
4,8264,90.17
57,2660,55.73
49,3180,59.74
54,4682,83.84
33,6533,26.52
75,2547,65.17
10,9572,85.81
26,6832,13.56
85,19,78.5
3,1387,16.1
67,3527,10.58
89,9529,85.23
79,2991,43.53
54,8744,72.75
13,9377,4.78
80,8584,19.25
59,4744,19.83
30,1814,21.65
9,8182,26.34
19,4063,21.16
47,2269,34.78
42,4332,27.21
67,196,68.74
41,6622,67.9
26,5348,15.09
89,1233,14.38
37,8233,24.1
99,5907,35.79
69,7061,37.41
40,7006,44.29
65,5578,5.67
14,9233,93.03
7,6982,52.98
83,8902,17.27
9,8836,91.58
30,6332,77.36
81,5281,43.57
50,8784,35.14
46,3545,31.92
25,2523,68.9
93,4705,56.92
7,8844,72.76
59,7442,87.92
82,120,19.76
18,1548,11.96
68,7924,71.06
99,4075,24.26
71,2767,30.18
52,2143,0.33
34,8641,29.21
59,2108,81.89
63,9501,15.97
60,9067,47.32
57,7280,98.34
48,9080,5.68
54,8922,31.27
48,1540,51.72
55,5672,21.61
78,6585,12.11
14,5043,25.25
34,4061,54.21
81,7289,98.95
53,3172,28.27
46,5672,41.78
68,6121,21.9
0,6491,19.71
77,8972,76.55
42,1004,26.21
16,6453,79.65
57,85,46.28
4,912,63.22
8,3817,25.05
66,3665,22.01
88,2828,89.68
2,4279,21.38
26,8472,55.23
88,7072,19.51
46,8302,6.89
44,3052,93.21
55,6578,11.18
35,1316,2.34
67,9534,59.62
82,502,54.92
76,7396,69.96
53,4867,48.97
22,1491,29.95
71,841,6.34
39,232,39.29
93,9875,60.09
49,8764,19.37
66,9639,97.21
46,3516,63.45
26,7177,36.67
92,2507,43.12
57,8076,73.77
96,5161,10.73
7,3043,98.6
32,4385,71.05
32,5503,39.9
9,9168,60.45
81,8617,55.84
15,4122,39.9
18,6762,98.27
35,6622,78.18
55,3357,83.87
70,3363,48.05
89,1429,7.42
4,7704,43.43
87,8167,41.24
82,8284,70.37
14,838,67.89
17,2731,75.98
1,3465,13.87
12,5634,98.5
16,7991,9.6
11,3211,13.88
22,7068,39.62
45,4158,67.75
87,8072,68.94
28,471,67.2
78,5303,58.39
62,1465,84.92
96,4832,81.57
62,191,60.99
53,9501,95.65
73,5876,34.92
26,6506,38.63
18,2120,31.33
52,1131,2.59
87,5900,94.73
49,3875,17.39
92,4641,55.79
26,343,79.82
73,5481,60.16
55,1732,83.69
54,7981,45.88
7,7313,59.88
35,7390,31.64
79,1141,45.3
73,3852,61.38
53,1181,64.97
5,2834,49.86
97,1082,64.82
50,3778,23.43
85,4630,6.84
90,4205,61.89
7,4866,10.22
0,1162,25.11
19,4687,71.95
27,7665,1.94
71,3819,61.9
88,7566,33.06
7,3965,87.08
1,9987,92.37
69,1392,29.26
65,6332,30.19
99,1956,79.74
94,5940,77.22
23,9544,52.72
68,3082,25.75
16,4103,7.19
98,7441,42.85
39,5703,47.54
43,9084,8.17
99,4841,4
17,171,10.91
35,9377,34.86
53,1913,55.69
53,5607,1.41
93,5348,43.11
85,1932,73.4
89,4636,33.02
70,8413,57.02
38,7210,14.83
61,6278,85.26
88,3305,61.21
41,6796,57.38
63,1687,84.47
49,929,5.91
9,5851,11.23
28,763,10.93
42,819,56.68
42,9510,68.19
65,8725,62.14
77,3759,77.05
36,7898,11.24
47,1734,5.25
35,1976,81.33
54,7142,49.09
70,2450,36.03
1,1544,33.9
71,2309,95.07
77,6100,10.26
58,8050,12.8
7,5104,21.87
9,6923,11.6
56,2778,47.72
3,3670,73.77
15,1015,14.85
76,5220,88.74
6,3391,72.21
54,6658,16.39
12,7355,48.37
1,385,29.79
84,1918,79.56
69,1216,57.07
22,3672,9.48
13,9844,3.72
78,577,84.46
68,5319,63.21
44,8192,20.03
29,9932,48.89
18,4800,27.22
47,1645,51.02
75,8029,29.21
98,35,90.66
1,7497,18.52
39,7636,77.94
56,3544,55.53
72,7956,77.66
56,7979,94.17
76,9913,89.05
87,2048,62.58
84,5479,39.17
5,620,19.13
8,8979,6.21
18,8747,88.26
36,2272,30.53
47,1674,74.73
46,5501,64.04
14,3966,45.89
71,1142,66.42
18,984,64.62
89,9930,86.94
9,3759,31.81
72,5710,25.35
89,1213,86.12
40,333,48.28
61,688,99.95
43,82,90.79
20,2264,67.27
43,625,25.37
18,5537,2.07
50,2703,52.29
85,2798,26.72
83,9183,34.09
30,4801,48.8
92,7813,90.34
65,1562,41.62
43,4679,81.26
70,1238,72.44
68,2322,89.69
7,8254,55.8
48,8349,71.62
28,4594,61.07
2,2590,46.55
5,2690,19.85
93,3580,83.75
92,9594,91
81,9781,18.94
65,4325,22.88
52,8597,68.64
86,2208,17.17
63,9707,13.44
34,4033,35.11
31,7227,88.76
85,5263,41.59
81,1255,97.85
75,4831,56.72
95,5519,65.93
33,769,80.26
56,9633,99.28
50,4330,39.07
68,9055,76.41
75,1394,4.81
31,9969,72.11
66,8160,64.44
18,602,78.34
33,6370,32.29
94,7561,14.89
14,738,78.43
2,865,6.68
3,4101,91.59
11,9849,53.85
39,3891,98.59
2,3139,92.9
74,888,41.26
73,5508,33.83
74,3445,96.47
39,5686,4.99
59,3027,73.62
11,3082,31.16
80,4699,50.11
90,4645,59.97
62,2714,87.13
35,299,4.59
11,4530,40.6
26,9395,95.37
2,3549,7.37
88,7887,41.19
5,5082,72.32
56,9473,4.58
78,2278,96.12
20,6374,76.94
0,8361,84.48
58,8208,68.24
48,6490,30.15
51,6679,79.49
6,54,32.45
51,2166,82.42
3,1882,43.56
26,4691,67.86
2,9580,12.36
94,2979,26.94
38,2229,48.39
20,8699,57.25
67,4991,22.66
31,5375,4.5
81,6240,93.07
9,524,49.13
29,1855,31.19
36,856,29.71
14,8658,19.49
26,5485,8.9
84,3016,66
28,809,8.3
66,4496,41.24
93,1707,79.9
49,315,37.72
4,2529,42.17
21,4974,45.01
70,8819,51.9
70,54,40.54
73,7875,99.99
31,2896,70.96
39,504,95.78
49,6072,30.2
7,8630,14.19
15,5395,46.13
33,1589,64.18
12,7877,95.21
39,2548,18.6
59,7450,11.86
8,5083,51.22
28,2181,6.02
28,8416,49.83
1,1913,80.86
24,2621,53.11
26,1597,64.5
2,2541,46.27
70,9549,59.5
95,7743,27.6
20,7985,49.39
61,813,20.06
61,2840,10.7
3,5451,71.83
21,815,91.27
38,1369,19.27
38,6184,37.76
2,4833,66.29
12,6212,74.66
6,6640,82.19
31,4268,66.61
19,1986,77.33
54,1970,48.67
28,2073,40
70,8785,38.25
56,4317,94.05
57,9309,5.16
53,7875,69.52
83,9090,14.06
59,7833,62.43
79,9678,15.61
68,442,61.81
32,2860,11.2
52,2191,75.74
55,1667,91.47
32,6405,17.9
17,9669,80.8
27,5972,99.41
92,7912,16.43
42,7983,55.22
88,933,15
69,4361,85.46
1,4127,44.15
71,3838,41.3
83,2824,15.78
43,5195,86.17
61,3840,36.56
81,3540,40.05
87,3941,4.91
42,7991,98.97
36,6650,28.56
21,9068,34.46
42,7978,41.22
85,3245,83.99
69,4337,42.06
37,1338,70.21
91,5190,66.39
61,9433,79.33
90,3054,88.21
70,1446,12.91
30,8437,70.43
80,3464,84.55
97,9892,67.52
87,5377,56.41
58,7642,51.9
93,6092,29.27
18,4917,39.54
11,6642,15.17
23,5213,91.35
10,1928,13.74
60,6532,77.09
13,1420,18.31
88,5653,97.67
8,5482,50.97
47,8417,73.09
8,1839,34.29
42,2402,45.91
17,8362,40.99
17,296,32.96
89,1819,89.63
1,2519,34.39
8,9919,52.75
4,7119,52.36
60,3923,31.24
89,7707,2.3
39,5187,38.9
65,7410,53.2
15,5456,3.64
62,6919,71.13
90,7187,22.41
38,3547,55.5
98,1464,68.96
96,7925,28.71
49,4892,86.39
62,5041,82.1
91,8974,26.9
13,9390,39.3
48,2817,72.15
15,775,25.6
87,468,3.22
80,3007,84.89
7,6030,45.87
69,2536,70.37
47,8214,10.31
96,3105,39.82
96,2803,29.65
56,3224,3.38
24,1363,24.79
90,4637,45.82
91,5058,91.48
41,9050,90.09
1,4415,63.26
97,6056,59.64
80,1531,47.28
40,4927,72.07
0,1490,58.66
88,9870,3.08
1,6043,83.67
63,8926,74.57
11,2606,68.57
47,9254,81.55
39,8206,77.4
80,2522,18.35
91,1032,83.31
44,6612,4.04
4,4524,63.6
61,7126,94.64
79,8797,16.48
82,124,49.81
31,1469,36.66
3,7693,31.99
37,1130,1.77
23,6750,93.1
87,2170,50.98
4,3039,22.79
25,2121,37.41
41,4477,23.84
26,2482,80.56
73,8362,59.29
72,3780,44.84
59,2295,47.25
83,9415,81.91
92,9228,28.94
53,7553,14.56
75,4876,67.76
97,2345,95.37
44,5954,37.58
99,6258,72.86
38,6789,94.28
16,8285,5.46
66,6807,32.84
54,2713,48.49
35,3081,26.78
60,6527,29.51
67,2424,96.85
61,5338,37.02
37,1850,40.51
69,2090,66.84
21,9290,50.87
63,5207,73.1
45,8849,68.28
1,1612,7.41
67,2242,76.12
12,2915,45.59
27,5112,15.35
71,8651,16.84
36,4500,77.9
83,8874,81.26
79,7924,46.63
41,5139,25.02
13,9127,58.02
66,3261,41.12
89,9165,3.34
83,7333,35.16
7,5482,95.27
95,3845,95.73
95,7403,78.92
62,6208,47.99
86,9057,89.58
38,1878,55.88
51,3973,18.11
55,5813,73.82
8,9626,18.9
25,8055,42.67
83,3551,27.37
52,8596,81.68
73,6198,26.12
52,2828,29.62
27,9964,93.28
82,9007,41.55
46,4142,57.92
25,5329,90.52
3,2683,17.88
93,6415,13.69
85,9691,46.78
82,8069,34.62
61,6611,89.2
70,8743,50.76
33,5548,32.15
1,2177,11.94
28,1872,87.61
8,117,46.88
30,8001,71.88
18,247,44.52
15,2673,88.48
76,1235,44.3
63,203,98.09
31,8828,15.82
9,4885,85.83
71,5969,58.78
35,695,42.61
30,6886,24.38
10,721,37.78
93,5483,86.41
57,6143,80.01
30,7878,72.95
36,8902,91.31
47,444,71.19
99,6696,80.78
95,8692,78.5
22,4236,84.07
53,8048,59.76
0,1867,41
82,8941,97.72
43,8026,5.83
92,6288,73.75
68,2893,71.73
72,9092,2.53
32,6951,45.09
25,7331,7.02
72,1290,31.24
37,5207,35.12
88,2013,80.99
0,3982,68.17
27,1379,79.73
70,8403,9.05
85,7336,59.15
42,7602,34.17
81,9816,39.66
72,6724,88.15
80,8655,92.45
53,7534,87.38
61,2203,80.37
65,3269,70.02
23,1353,2.19
49,8964,3.19
72,7508,1.68
47,9819,23.72
63,8907,31.27
65,4918,77.53
75,3042,88.78
36,1843,41.32
24,3434,22.21
64,733,84.78
33,75,62.2
73,255,94.88
88,3689,75.03
64,3713,28.13
88,4940,6.43
77,708,16.11
74,4572,94.78
70,4936,6.97
43,4312,8.67
80,927,76.34
34,5161,11.35
59,6214,89.8
86,9543,97.92
94,3203,81.45
98,6943,73.83
31,2347,42.97
9,3426,52.7
15,9904,45.18
95,2979,19.86
27,8656,14.53
47,4230,69.3
64,9965,77.55
59,2207,10.65
21,4644,69.91
81,3337,25.78
69,6339,70.59
31,6187,39.27
74,6485,43.91
83,7257,84.46
27,9124,87.93
18,4805,98.86
89,4095,51.2
24,7997,66.31
90,132,58.64
43,1991,49.14
51,7007,63.64
29,4837,22.11
48,4517,88.33
62,6914,58.2
85,7881,96.09
88,2301,7.34
81,3951,68.68
99,2731,56.59
13,7805,56.35
83,6538,49.53
54,3332,61.04
29,1410,56.97
59,37,49.15
8,4837,49.13
50,2979,85.77
6,2871,29.5
19,2736,29.77
0,4232,55.62
49,3133,40.07
1,7473,80.34
0,2676,76.28
32,7900,92.35
52,4039,42.56
97,901,76.37
34,9535,31.95
14,9885,81.96
47,5376,0.31
73,1509,50.99
25,9703,60.89
37,3914,33.19
57,2386,39.99
92,9432,87.07
5,4674,20.73
75,8072,7.06
12,2478,90.81
44,8971,21.68
24,2092,83.46
30,9746,79.61
61,8310,77.74
11,777,90.65
32,9389,1.26
46,571,95.07
66,1270,91.57
15,4350,96.07
40,9911,54
51,6117,9.11
51,66,21.38
51,6459,38.18
43,6877,9.59
59,5963,44.93
87,2745,58.34
88,7495,23.36
44,4344,57.47
38,850,78.52
21,6421,7.18
94,7809,19.42
22,1424,2.08
56,8509,29.26
58,7074,3.48
2,2372,83.81
94,6925,46.04
94,6600,39.52
60,5465,54.85
49,7905,12.62
97,8814,84.86
16,5567,8.49
45,8868,27.57
83,6802,31.47
70,9813,9.51
75,1829,8.36
38,7013,76.89
20,2570,50.17
86,2132,64.99
77,3988,88.81
89,8076,71.84
41,3674,42.63
31,3778,37.07
0,8578,41.61
73,1063,53.19
80,3393,8.77
33,4597,1.99
3,1300,21.15
35,9601,12.64
31,4519,81.82
2,7295,6.09
58,8106,85.6
60,8746,46.36
91,7608,21.37
78,2969,24.18
87,3653,52.53
4,3022,3.73
52,7194,34.44
8,1644,96
73,5805,52.48
66,2929,30.52
3,1482,27.94
16,7920,2.58
11,9760,81.21
48,2226,81.42
14,82,8.23
3,6226,75.88
33,754,46.2
60,5858,42.3
32,9494,68.9
1,6488,74.13
35,6380,21.06
26,7143,6.04
35,8691,65.6
7,6016,76.83
35,8131,82.48
78,1902,91.17
93,3144,96.4
64,7198,87.34
55,6694,68.11
23,8395,78.62
30,8506,84.87
72,5209,78.28
11,375,58.65
38,7626,34.39
50,5837,64.27
63,6571,20.83
6,8045,51.33
20,6678,75.15
63,6104,87.76
8,5007,27.8
21,2979,55.82
35,2406,76.94
70,9277,53.88
71,1042,33.44
64,8395,97.22
76,1948,84.06
16,161,39.47
46,8179,67.49
16,3836,34.42
88,5849,46.7
0,9312,24.95
43,3252,33.1
92,5918,57.42
48,1438,51.44
28,4658,50.66
76,7230,62.41
64,9755,38.12
59,9222,98.6
51,3134,93.46
30,1665,37.23
42,1222,38.27
46,8092,6.22
49,3392,51.25
36,6132,16.01
52,5047,48.08
40,9464,0.96
39,316,32.62
80,8262,95.29
9,1450,73.56
91,6342,41.7
95,1332,45.1
87,400,98.28
15,1213,24.97
97,4015,67.26
60,1451,74.07
13,3071,84.06
52,9069,39.99
78,4229,50.49
22,2577,14.28
23,8890,30.76
77,2689,59.25
75,4930,7.26
32,9865,23.48
16,8016,56.81
22,8955,95.42
28,1911,33.57
5,2398,93.02
97,896,13.79
43,2025,28.99
62,3818,87.54
70,8673,99.84
69,5581,87.51
79,9842,98.35
2,5630,44.75
40,2600,39.16
95,5711,61.27
87,9130,98.72
73,6422,24.65
16,6271,2.63
85,6591,43
14,490,18.02
51,6124,71.48
18,4196,30.84
73,5062,23.22
84,2629,52.33
69,6465,74.9
77,492,67.83
14,2421,89.17
27,9234,21.24
0,667,0.35
55,4562,64.16
80,4065,64.72
13,2565,50.78
48,1735,20.5
97,5902,98.92
62,770,2.52
73,6341,43.09
7,752,33.08
3,6017,2.22
69,3527,94.13
47,2314,69.54
53,6603,1.5
16,663,7.51
28,8557,16.89
14,286,79.13
97,1613,29.89
33,6034,33.31
65,5210,96.4
2,8851,73.06
97,1862,16.24
72,2771,87.07
87,3742,50.5
92,2860,51.06
32,3357,72.73
19,4795,78.29
74,9178,49.83
35,2641,57.85
80,3556,88.03
97,1192,87.28
85,693,74.59
65,7377,87.4
35,6111,23.06
0,7969,36.62
16,1390,72.76
40,175,68.11
26,8415,65.76
40,2669,69.85
41,3868,80.9
60,7867,53.65
99,8069,33.71
97,620,6.07
94,657,3.48
48,399,60.86
13,974,82.2
99,8877,37.3
63,4442,0.53
3,156,66.13
33,744,94.86
54,7990,62.09
81,7453,0.51
89,8085,86.49
74,2897,94.82
95,9000,82.6
15,2841,31.2
27,3807,44.66
86,7294,54.57
55,7645,2.17
11,8455,1.78
60,8507,51.01
61,6368,67.94
48,4854,24.71
83,3471,23.48
29,4985,67.65
21,5776,58.64
45,8523,20.56
97,5385,22.06
6,1537,99.55
25,3417,23.82
46,4240,81.84
70,2982,35.39
14,429,92.05
86,6033,92.19
14,3955,48.42
75,2084,65.04
38,9850,45.08
65,4892,35.43
29,4045,91.73
7,3125,6.06
2,4614,50.69
70,9868,3.18
35,7816,90.49
59,4486,77.84
20,6563,52.16
37,802,11.83
80,6123,86.57
5,2816,60.48
26,9096,97.34
42,8089,38.3
88,520,18.83
30,8273,59.29
84,5470,63.24
82,4584,34.15
67,3273,0.12
43,9473,73.06
85,7855,10.55
84,4758,46.8
72,5883,93.25
30,6486,93.04
71,2418,70.47
17,5883,45.9
74,1949,44.72
96,407,91.59
32,155,42.15
95,8215,9.4
21,8378,39.16
21,5824,17.04
62,2637,34.31
39,9268,9.32
82,7392,77.81
88,8158,99.67
22,3185,3.11
34,2559,55.11
18,7915,99.55
53,2484,16.84
26,6956,71.35
37,8032,23.79
81,1205,79.4
38,1833,5.46
31,8640,19.41
86,2602,83.7
88,5927,22.39
31,1253,60.7
64,5877,60.8
60,8975,28.11
53,5652,67.12
71,9783,96.71
94,8160,26.7
29,3288,24.62
91,7265,71.17
47,4747,41.22
32,5178,53.92
1,2416,14.18
57,6410,45.49
98,4277,26.33
39,9844,73.39
46,9657,28.2
43,6413,60.1
85,3528,85.06
92,3710,44.14
66,3671,98.71
16,1107,65
68,5,91.19
14,3870,87.49
83,4076,79.54
49,3799,10.95
87,2542,65.61
29,1960,26.43
84,7804,6.77
44,474,63.84
33,7574,60.95
33,4551,16.3
35,8888,44.35
80,3611,38.07
67,2892,17.16
3,9167,47.68
58,9577,13.58
59,6582,52.8
88,6416,47.56
18,1867,83.74
72,7817,98.04
52,4714,81.74
66,4996,59.59
19,4165,8.51
28,5966,52.12
32,9362,23.74
35,4327,92.43
62,8022,85.3
55,8522,95.01
84,5155,61.37
73,890,35.9
54,6563,5.89
24,3875,51.81
63,3398,7.25
54,5864,75.94
86,5081,40.5
26,1476,0.71
57,2391,47.92
55,7573,73.71
41,6588,81.07
91,1340,3.69
42,7883,79.58
55,6196,75.92
50,7066,74.16
71,9413,87.06
88,6200,3.35
19,8160,29.19
94,687,5.33
78,2266,12.61
26,4587,20.93
20,5588,22.37
26,252,2.4
80,1295,62.31
67,5486,37.68
95,7095,76.63
68,1198,57.61
44,746,52.91
87,3130,30.34
48,2937,28.28
45,3484,42.84
7,6799,10.48
37,2443,48.24
11,7929,97.27
43,1061,9.54
32,7105,18.53
0,44,95.39
67,9013,82.45
3,3034,11.16
44,3475,42.26
96,2259,12.02
69,3615,91.15
5,252,42.97
39,2905,3.7
67,3742,3.57
43,5251,9.42
76,6513,53.68
70,2855,70.36
44,4226,75.22
82,6971,57.43
67,3648,17.21
66,9654,53.26
13,7663,50.06
35,699,37.88
98,3942,7.17
56,5843,25.3
37,7401,99.84
0,2836,47.12
95,3517,24.02
26,9524,35.98
72,1439,15.68
45,6567,55.06
17,4429,97.69
37,2838,51.81
37,1853,36.78
60,8122,29.83
91,8989,93.25
33,7186,71.65
72,7749,54.63
48,8828,94.69
67,5084,43.22
83,4007,9.09
73,5232,82.94
80,6740,78.33
40,8134,14.31
68,9516,90.38
31,7307,79.55
75,8885,48.43
63,9421,49.96
25,3505,25.34
95,3885,42.54
87,9814,81.63
1,9123,53.6
83,9438,74.18
72,9726,60.65
67,7144,6.62
86,1408,29.15
91,4486,91.3
45,9665,67.73
35,7006,66.19
67,3282,59.43
22,6755,82.88
42,2632,86.91
29,2414,94.71
43,9450,18.67
77,4611,8.2
83,9707,43.86
2,8763,59.09
9,2817,30.52
30,2018,0.28
8,9421,94.45
63,4697,35.36
20,7575,29.98
53,3545,40.69
41,3704,98.11
20,3011,45.34
60,1476,40.45
79,3215,20.94
52,6863,14.64
5,6680,61.44
59,903,15.14
0,6927,61.9
88,3937,51.68
96,7560,76.2
18,7833,38.16
10,4982,97.35
71,3514,64.81
59,1935,99.66
8,7017,22.76
2,1309,29.68
14,1116,61.9
13,5782,48.77
10,5504,49.76
45,3579,43.06
73,218,97.25
20,4242,50.4
17,3313,22.06
13,3784,53.48
61,8855,61.87
12,6212,3.92
46,5274,52.58
67,1649,54.88
92,7244,65.99
53,7479,54.02
57,9881,72.61
8,5460,15.68
48,2966,21.08
38,7709,83.31
64,2893,84.92
69,2446,74.38
8,6054,18.97
62,7755,96.86
64,8149,69.3
30,9048,75.67
39,4332,99.21
45,3515,4.71
54,4057,78.98
48,79,90.87
28,9362,97.57
75,8146,36.45
35,9871,93.85
16,2666,0.22
89,5390,37.63
97,5116,18.37
53,5360,48.82
27,73,47.42
26,6602,27.12
9,427,64.3
79,32,86.18
25,4864,25.98
30,5703,59.16
30,6560,11.86
93,851,16.71
88,5723,90.71
58,3577,57.23
85,7805,2.18
94,3959,42.87
6,8176,99.21
59,1473,50.56
16,418,14.75
96,4594,6.36
16,6848,24.53
60,7802,55.42
69,5645,67.71
64,1165,92.17
70,5907,8.37
11,6200,42.37
43,1782,66.51
76,3944,79.43
76,871,20.01
45,5589,23.74
28,4150,57.78
21,5069,36.41
84,3192,79.23
52,5377,4.3
27,2338,7.31
61,3243,43.24
23,9819,94.69
52,4530,83.33
91,3172,42.43
16,5152,75.13
19,8778,5.88
15,470,61.41
51,5034,12.75
39,8872,37.94
72,9108,97.87
4,5126,9.36
59,5725,85.11
66,667,97.52
25,8968,67.75
72,1071,3.99
21,432,80.88
93,6895,79.47
75,2363,20.69
13,4885,24.65
96,3429,41.46
32,3895,89.23
53,8648,88.05
53,2256,31.64
57,823,74.33
17,5388,9.68
74,3358,36.12
47,8310,30.85
99,8441,56.34
87,9306,37.32
15,7547,96.42
46,5232,93.45
35,6003,39.29
92,8054,22.45
84,5378,56.73
99,8413,16.15
10,431,11.45
86,2322,15.27
98,9902,1.98
71,92,29.7
60,444,98.41
35,3363,4.05
23,5983,34.97
76,2347,51.5
8,2071,38.42
45,5060,59.06
32,5663,72.15
99,3496,80.76
62,9096,9.04
91,5001,53.87
29,807,95.73
88,9657,29.88
23,5015,89.45
19,1785,0.25
52,699,31.62
2,9522,67.13
88,5625,81.33
7,19,86.53
17,1163,18.67
46,5728,19.31
41,4066,15.06
41,2609,8.91
71,6610,88.31
68,5846,9.43
38,4938,56.12
40,1386,65.6
85,249,55.61
13,8408,68.8
96,4092,5.56
40,7365,28.71
78,5000,36.15
36,9112,58.66
60,994,69.09
39,2995,56.82
51,6372,42.08
91,3318,83.59
16,9765,12.35
64,1125,14.01
70,8927,2.4
82,7153,1.24
29,183,12.87
39,3017,49.2
27,3973,78.33
96,2650,11.09
21,4468,5.01
62,3032,39.64
17,9127,16.84
58,4651,30.09
90,1921,17.89
38,8606,78.77
87,8841,86.98
59,7809,97.75
11,5856,23.2
15,3507,67.89
19,9637,97.47
28,8349,23.33
81,7189,7.25
99,7280,28.78
32,3397,94.39
55,4886,39.51
74,9345,1.63
59,1742,85.67
26,9953,23.24
99,9111,53.78
19,8649,88.95
39,6841,38.52
38,8960,42.72
80,6520,44.87
72,6556,22.99
1,8459,73.28
59,3400,37.57
35,3978,89.53
25,9951,80.77
82,8102,93.81
41,4899,79.43
26,5300,11.95
46,7857,14.28
2,9382,78.47
40,4841,34.92
40,5866,19.33
55,3576,35.83
0,9091,26.12
68,8267,29.07
55,8386,30.29
19,3085,98.02
87,1917,94.28
53,9906,41.41
83,1976,42.97
29,3454,31.1
8,1616,73.35
85,8606,89.88
61,7208,42.59
86,944,7.11
73,5270,77.35
26,644,17.41
83,3403,14.38
38,820,67.91
6,6516,34.6
76,4059,56.22
38,6072,98.38
42,3896,64.62
20,2625,8.78
59,4029,96.86
87,8615,73.17
55,1778,8.27
18,5556,96.87
18,7943,47.45
82,3837,26.52
34,5186,2.28
5,5945,24.97
25,5802,24.56
94,9767,40.05
87,7544,46.68
0,4451,25.53
68,8557,74.14
43,5858,62.46
69,290,2.75
23,8363,73.22
28,554,56.06
58,6286,30.49
41,6801,32.34
18,6837,76.63
84,3886,96.81
1,9817,60.19
17,7046,26.74
52,3839,75.45
30,9367,52.78
49,5873,18.29
29,2590,10.25
46,2360,88.21
27,7727,90.66
3,962,51.94
69,8560,40.83
0,1998,96.66
47,3094,84.82
64,4160,18.36
94,1108,18.5
89,5891,11.28
60,851,62.25
7,1561,45
61,3474,32.27
13,9326,0.71
69,8495,53.36
38,4366,27.67
42,1432,63.29
54,8250,4.59
5,7790,67.79
56,6336,98.72
38,8904,15.93
5,3047,97.85
50,2113,27.15
49,9739,77.95
5,2769,87.97
93,9248,86.23
1,525,1.5
8,2433,35.24
69,1754,9.11
53,8718,82.26
5,2320,49.84
39,3249,5.71
57,1056,42.32
31,8463,85.05
4,335,28.95
95,8540,65.67
10,1935,92.85
53,8623,77.3
71,4360,45.26
78,8183,73.41
95,9672,42.64
94,7659,96.86
10,3605,3.44
35,4381,1.75
93,629,8.82
85,1776,94.68
13,3619,28.18
15,1721,29.19
70,8984,88.26
68,3180,51.52
90,4311,82.69
41,4256,81.16
41,1968,64.89
40,7179,56.71
45,1943,3.55
10,8868,1.23
34,750,46.78
64,1816,86.62
31,4620,5.96
93,931,65.37
28,3510,83.6
15,8154,6.33
61,9792,10.3
82,6836,71.32
35,7862,18.59
82,5433,27.93
11,8571,6.99
58,6920,84.68
50,2642,43.92
38,7405,31.11
30,4920,1.14
69,6975,8.82
28,9769,84.64
9,3192,98.97
76,8177,54.14
23,165,95.34
32,6403,76.1
63,2898,54.91
20,9015,92.51
75,1478,85.12
69,5068,61.31
87,6362,24.46
40,7645,51.23
30,7048,19.99
17,2073,24.54
27,120,97.4
38,5420,61.78
21,673,35.02
80,8996,71.19
98,4144,17.45
96,6932,13.13
39,9078,60.26
34,4986,82.26
22,8678,1.1
0,1492,4.4
73,9946,88.2
32,9584,98.23
86,781,95.09
65,1805,45.89
90,9230,15.91
88,7544,77.42
70,2045,78.86
77,8336,90.37
24,8302,40.25
35,7959,13.66
51,7893,53.91
64,5979,7.83
41,5650,63.78
32,2739,27.78
47,1369,31.09
90,1293,27.23
64,9374,27.97
68,9785,95.03
0,4970,45.67
47,1595,87.5
33,5440,41.23
63,4082,95.54
82,9655,13.91
11,971,50.66
15,7570,17.65
58,3484,89.43
49,2208,85.16
47,3097,65.08
14,4124,48.02
83,2359,86.61
88,7020,43.76
10,5203,70.87
25,4294,70.08
88,584,86.07
21,3626,63.96
31,3481,56.88
39,6831,44.05
31,5505,69.98
63,5521,30.08
11,3694,23.18
9,9085,7.49
30,3647,13.6
82,3891,14.08
0,2868,36.56
90,1161,35.43
84,3238,44.32
42,3510,11.11
56,6956,30.03
16,2067,11.79
4,2236,56.73
89,8755,86.9
16,8137,54.53
19,6933,9.73
7,9286,38.64
49,6133,8.73
52,4189,39.93
58,603,63.94
12,9794,40.16
15,3416,26.67
85,1170,98.68
85,7661,46.6
57,6371,35.83
77,8966,64.24
2,4983,15.03
45,4082,38.09
56,9489,70.85
68,4768,70.83
91,794,87.93
46,902,95.86
85,804,76.11
62,4276,30.64
61,2510,81.61
59,358,70.37
82,9331,61.91
46,7758,36.44
12,2134,14.38
9,8023,79.89
39,5015,49.8
32,757,60.11
81,6900,80.75
60,6355,43.5
18,2555,43.12
84,4128,47.23
18,9839,17.47
88,1750,85.13
55,4149,83.31
11,998,21.22
36,5146,52.25
58,633,55.57
27,6318,69.57
61,2806,13.51
2,3300,38.19
97,1355,26.23
26,4853,30.33
71,7172,1.77
90,5356,68.06
4,4358,26.15
97,3017,99.32
75,2272,34.36
27,2937,51.86
98,7520,47.2
36,9735,90.47
39,3729,90.81
64,1444,29.68
81,8211,69.08
92,6703,99.83
36,5793,77.34
60,9878,44.56
36,7973,42.38
0,4916,30.52
37,7276,41.64
33,7980,21.72
38,1464,46.37
20,5019,31.86
35,1597,90.41
63,1971,29.8
83,4067,37.33
50,3558,50.57
74,6888,57.3
13,8660,65.56
52,1089,87.82
61,5773,93.74
71,2826,69.65
17,9433,62.84
7,8761,74.89
68,4977,76.68
78,9973,3.55
62,2490,37.78
42,7457,67.82
59,6332,91.37
58,8507,17.07
22,3862,3.54
20,6791,71.92
42,4067,84.86
33,9249,80.2
52,6399,25.01
41,1905,88.33
70,3604,23.73
59,5712,50.02
50,7285,95.2
24,8756,8.71
83,2133,13.88
84,544,83.33
30,6800,65.76
61,9516,40.26
50,2594,96.56
71,3180,37.52
42,8055,98.79
29,9151,24
0,9746,19.29
65,8308,3.09
74,7291,90.25
35,9385,24.7
99,9137,18.88
96,559,24.17
88,8390,92.69
1,665,19.43
16,4077,53.84
89,8912,86.61
13,3980,39.11
44,4268,33.82
13,6980,51.7
93,5352,89.22
28,1965,99.68
24,4182,23.58
87,4081,2.08
33,9417,58.06
39,4635,91.08
31,5681,66.09
16,7845,27.23
1,8684,31.8
32,3642,56.11
89,2795,25.76
99,6306,35.79
6,8442,19.75
20,5588,96.33
76,4093,7.05
80,2770,71.12
80,2425,93.08
73,510,14.63
74,761,71.45
98,4616,1.75
0,4809,77.06
66,3008,47.62
71,7062,83.28
26,5493,81.07
94,5932,53.98
40,868,72.89
75,6209,43.37
16,9876,64.06
97,2417,30.47
91,8838,80.27
93,7704,1.1
97,751,79.19
59,1751,38.28
58,9176,80.42
42,9963,84.26
9,8652,43.87
32,746,11.02
89,4756,52.52
69,5609,49
42,7900,53.66
9,666,40.96
74,4257,81.35
35,7710,45.05
31,3732,90.72
37,3540,52.67
89,6377,32.21
36,4555,88.56
34,9790,19.46
46,74,39.52
69,5991,58.43
81,4589,44.63
97,2000,8.41
96,3238,12.66
19,3000,49.04
29,9612,48.07
90,1331,3.9
2,9127,37.84
58,810,46.79
70,986,47.03
26,1316,27.48
58,8365,15.31
10,6003,28.28
80,9651,13.51
85,9336,95.6
11,9292,63.82
26,841,52.51
92,3033,59.25
63,461,11.52
7,2631,63.25
0,6593,86.93
21,3853,50.11
27,474,88.41
53,7780,34.95
44,2154,5.93
47,636,62.21
77,2272,97.72
32,962,95.56
2,7661,94.49
88,3038,93.52
51,1386,53.53
68,908,95.1
55,9030,7.08
14,3175,34.05
1,5550,0.1
44,5812,56.31
56,6357,52.2
24,4398,41.06
98,5720,83.92
94,7444,71.41
2,1552,20.81
51,6063,37.56
97,4700,66.85
69,967,27.47
63,7596,31.76
87,182,85.58
87,1172,13.14
22,6824,89.48
78,4427,89.32
73,3713,94.77
43,7525,46.46
32,1273,49.18
22,6351,99.07
34,8897,5.99
93,8196,61.99
57,4379,2.75
37,396,9.08
38,8213,78.25
71,9261,41.16
73,5762,44.98
87,4679,68.66
83,4101,84.97
56,2433,79.16
95,6154,4.92
43,655,57.12
27,3226,69.68
91,8743,24.5
19,2677,62.68
68,5727,34.05
15,9148,31.35
63,3969,76.33
24,9233,43.94
95,5733,50.33
32,4431,85.89
72,1004,81.53
77,9121,66.84
50,4141,30.19
19,2827,16.25
83,8866,36.94
78,9681,39.21
99,9562,9.72
37,8433,74.87
7,4499,90.97
35,6491,86.12
77,3769,4.29
23,465,76.33
12,6466,48.25
49,6247,48.46
68,8941,8.03
37,24,81.46
68,3525,34.64
27,6589,84.88
90,685,77.16
17,1757,6.11
86,7324,82.76
77,2033,3.76
17,964,19.28
39,3352,11.97
70,9857,93.07
89,7189,84.31
8,4022,51.24
64,9715,31.98
49,7332,8.8
11,8088,27.37
35,4685,46.62
55,6849,28.6
38,5953,20.11
81,2488,29.18
65,6431,0.1
79,8857,20.94
33,3798,81.18
57,5967,58.68
18,210,64.24
48,6692,47.97
97,1837,75.86
98,1568,3.58
70,4087,96.43
66,8293,7.19
91,1427,93.33
38,9353,26.58
58,1107,91.82
25,5313,10.69
64,4349,82.73
23,3715,55.97
40,8039,45.18
96,1814,69.42
84,2291,41.95
31,5428,0.38
36,9437,61.15
67,3847,34.9
3,2519,46.36
96,5613,67.17
48,5337,13.29
64,8837,1.6
85,2349,34.77
83,8016,32.03
84,9794,41.43
41,9370,66.97
94,8325,3.66
25,1412,3.48
79,3892,62.09
69,9612,57.6
78,9436,4.25
11,7516,74.77
78,3288,88.2
10,602,61.03
54,2113,16.94
33,8589,71.73
64,7555,53.62
40,1702,24.12
98,8946,74.62
3,1584,7.69
17,5364,19.65
20,8875,76.91
54,8539,83.06
86,1250,83.59
34,8089,98.25
4,9830,93.97
37,295,39.47
35,8053,65.25
86,6749,8.33
48,8421,51.07
33,9077,42.76
89,5004,38.24
13,2976,63.2
70,4083,77.24
46,3012,75.98
95,6443,79.29
56,2446,90.65
16,9102,2.82
29,5558,98.27
93,9127,77.12
90,5166,85.23
24,9795,4.39
39,9215,41.28
27,2135,30.76
54,5490,97.43
56,6814,28.06
39,7070,67.59
7,1848,80.47
72,9886,65.77
17,3776,82.69
10,7123,46.06
21,4807,36.61
56,7025,83.38
28,49,30.63
81,1764,56.8
9,3088,12.19
63,292,62.87
8,7606,75.15
28,1492,16.99
97,5107,78.87
24,9830,19.31
69,3109,40.25
7,2116,47.42
9,1948,22.91
72,9696,10.93
98,1808,2.73
25,1,57.5
14,5221,62.74
72,316,34.7
41,5940,16.97
33,976,44.2
54,7277,57.91
56,8279,42.15
37,58,11.75
88,422,36.98
97,1263,78.91
85,5065,54.02
27,1223,1.22
2,7476,3.97
16,2083,41.45
16,9697,43.48
63,1286,29.4
95,1402,82.99
66,7525,13.27
77,4937,11.5
44,2686,42.13
12,3664,91.7
63,3379,58.16
89,1939,26.99
95,5524,93.27
50,6878,56.96
42,1827,88.16
56,602,50.77
70,4487,7
28,9307,49.59
38,4507,88.02
70,214,87.7
46,7905,69.79
20,2127,82.03
88,8150,38.93
41,7207,29.83
62,4652,25.96
59,627,70.67
65,9626,1.21
73,6514,48.78
29,3094,82.61
15,2081,69.6
10,8342,45.12
76,1004,30.01
78,3905,11.3
78,1305,22.47
90,6359,2.31
63,2994,10.76
52,8922,78.72
66,3528,92.19
23,6084,65.84
78,4505,66.29
50,4170,17.25
94,4830,34.83
54,1848,36.8
66,9068,36.85
60,5257,14.04
73,9281,69.98
52,2353,5.59
55,7964,37.94
75,2983,46.19
58,784,52.95
60,2951,81.53
85,8704,25.58
70,6902,47.12
60,1746,97.05
16,8645,25.76
67,1409,67.55
39,283,19.01
93,8873,8.73
38,7179,4.8
63,2488,54.96
34,5787,79.62
99,6971,95.21
56,5886,33.6
76,8374,39.4
55,1406,15.41
92,1499,38.97
83,9616,3.24
86,4449,97.91
39,8590,39.56
62,3238,11.87
0,531,17.69
50,6676,3.46
51,9369,16.15
9,6538,66.5
48,6368,42.45
55,8549,27.27
53,9095,84.28
21,4941,59.66
83,891,70.84
9,2807,72
74,4304,95.89
67,4167,8.19
79,9113,48.42
5,434,54.04
16,8326,58.69
98,1635,30.97
29,6049,4.28
26,9137,45.73
52,9952,16.81
82,958,29.88
40,8947,19.66
92,6568,98.05
82,6566,86.07
70,9375,49.24
96,6517,1.72
6,6100,69.81
27,8632,39.34
73,4868,93.23
87,7283,39.14
42,8164,91.89
31,7156,21.99
59,3254,18.48
66,8741,83.06
10,7793,5.47
31,8091,16.56
72,3944,89.98
40,3426,5.81
97,5649,29.46
56,334,27.63
28,6394,37.17
27,4435,1.03
66,4763,13.12
41,5797,72.73
45,1759,90.88
9,2414,31.27
92,8183,75.1
2,4346,67.36
48,6171,88.5
44,9242,2.71
16,7961,36.95
80,1546,5.03
7,5546,45.08
12,1851,46.2
88,3449,82.22
52,6793,59.89
30,1652,6.91
90,3163,63.59
29,2331,86.91
6,1865,25.72
94,3727,55.28
76,9918,35.05
14,2841,25.5
31,7333,33.65
30,3167,48.46
2,2034,34.09
57,5356,88.34
62,7345,59.71
11,1637,6.36
61,2283,44.85
2,9612,26.81
95,5295,31.36
10,5293,20.78
20,3268,46.96
9,3083,93.84
66,5124,62.42
39,148,47.79
85,84,2.4
78,2131,86.43
96,6372,8.78
13,2631,64.75
84,6375,34.85
63,6623,53.67
47,1930,85.93
29,7124,4.86
32,6479,42.33
32,2702,65.56
59,1620,27.25
92,4193,52.32
98,5937,8.23
49,2478,57.74
22,5868,81.41
78,4931,56.83
25,8793,4.28
13,856,1.42
18,4467,39.82
15,9129,12.11
46,281,72.58
54,7395,18.92
53,7175,64.47
40,6189,82.33
22,7826,60.57
44,4809,84.59
90,2553,63.47
36,708,21.17
14,2679,84.3
94,2295,48.13
46,9713,74.37
7,1706,22.42
54,4220,23.66
17,7570,51.73
22,66,30.7
25,265,33.37
64,3130,3.87
98,1306,4.28
4,7261,65.78
50,6522,96.65
35,6339,87.14
53,718,11.19
11,4054,92.44
75,1408,28.48
9,7037,30.53
51,5429,36.5
72,1712,44.69
76,1909,34.21
90,5365,70.77
36,787,53.9
76,1134,13.76
22,9710,73.83
85,7232,5.21
96,1598,77.71
70,6077,24.74
24,7037,95.1
49,7972,47.92
40,6665,23.7
31,6537,60.37
13,8256,25.04
82,3160,49.08
39,341,65.08
16,8921,77.73
31,4038,78.67
65,7635,61.8
64,2556,70.75
70,7031,57.72
49,9375,27.48
0,4230,57.94
95,9299,76.76
78,6025,16.64
33,8458,96.17
80,4754,89.25
81,6822,88.63
40,3470,71.7
44,507,29.36
35,7103,90.46
13,3072,78.89
37,6700,89.28
69,1241,96.44
57,4397,44.4
50,7779,45.87
41,4539,86.89
23,694,84.31
95,5185,97.29
41,3193,86.01
17,9641,39.03
71,9304,57.86
17,3160,91.67
57,4133,5.4
39,4582,6.92
61,9314,63.17
42,1734,74.13
15,3655,84.1
93,6972,25.28
62,3089,45.34
47,1104,24.91
30,4129,62.64
59,1106,69.61
1,7403,77.67
52,4745,81.73
22,5374,84.48
84,6496,42.24
63,2857,40.02
77,1264,88.36
63,6853,19.83
43,8495,68.06
63,9345,20.67
89,2386,60.26
30,6587,50.15
26,8929,6.85
74,3605,88.35
67,5765,55.62
50,4896,80.08
18,48,44.1
31,8339,80.09
90,6979,16.61
24,3617,82.99
34,3193,54.84
11,2335,59.42
48,8024,18.12
60,1949,96.22
66,6958,28.84
41,4430,78.67
56,4809,60.44
76,8885,2.45
11,83,43.37
15,2441,49.56
46,9049,11.91
31,3862,25.85
67,682,22.2
15,5281,6.3
64,4770,86.39
15,3143,83.44
61,3882,38.67
35,3552,47.13
15,5525,19.79
65,9455,24.6
27,4981,71.14
41,3593,91.14
85,5621,70.9
60,4481,42.54
73,3964,61.58
14,6749,24.54
1,8957,88.45
4,6741,92.72
75,626,5.38
50,9127,29.43
37,9122,95.69
41,9854,27.84
10,9050,35.45
99,4051,11.96
18,2076,82.61
26,6661,35.4
79,6939,85.95
51,6540,22.96
88,1694,81.75
67,3698,69.95
14,8681,9
82,432,74.92
90,1458,89.74
38,9539,46.82
42,1623,23.08
90,9836,44.47
30,6240,13.06
68,8124,56.87
67,6457,33.84
17,6874,91.78
2,503,14.63
92,4877,47.6
61,150,78.02
51,931,90.89
6,9666,8.97
4,3858,11.69
16,3140,0.48
30,4709,3.61
99,3344,26.21
74,774,67.81
32,8361,64.32
51,6895,29.22
23,2119,32.02
49,7716,49.24
96,3108,58.39
97,5780,66.94
24,2190,91.04
96,5290,74.76
36,4725,10.96
40,20,39.4
11,8105,45.5
55,2231,58.76
86,6766,6.53
65,898,98.53
6,8448,48.09
69,339,63.88
55,7732,36.29
5,5081,22.33
33,1759,31.69
47,5161,71
16,7036,6.22
20,5595,27.79
61,9127,82.1
35,1054,27.57
61,4898,74.23
78,4433,46.57
6,7229,91.4
99,5939,3.18
63,1648,8.58
62,2827,0.3
48,8505,55.55
67,9777,55.2
89,2807,33.57
18,2273,52.82
94,4999,9.92
27,6363,11.37
6,2975,64.64
67,3572,22.27
39,7881,42.45
57,6195,61.19
11,1128,75.7
19,8543,65.55
94,1869,7.9
58,4502,96.49
51,8349,2.94
73,9543,41.09
83,9697,68.04
39,664,77.8
50,1559,95.16
20,6519,9.98
36,5269,62.34
93,4011,61.17
34,2313,44.03
83,4481,60.37
86,1047,46.89
61,6038,88.67
86,2941,92.4
6,2480,92.01
0,503,44.65
67,637,18.04
4,1660,58.08
71,9345,51.96
91,7815,2.97
86,8967,77.43
81,3903,75.23
80,1678,28
61,6125,86.48
69,6200,62.29
54,491,33.25
10,8693,42.95
42,735,92.5
24,6849,23.42
21,3369,65.25
36,240,87.78
7,2621,77.45
58,2638,80.64
5,6754,84.79
39,8063,55.55
63,2608,34.19
68,503,15.27
82,6416,55.87
70,6965,18.72
51,9166,90.77
95,1327,38.75
84,5823,58.38
56,1518,18.86
74,7631,19.34
24,4017,91.66
79,5706,17.57
88,1344,3.33
91,7468,45.59
41,2704,76.52
19,5658,8.13
49,8673,29.49
94,6703,45.54
18,2010,72.9
99,115,34.28
61,2338,47.52
60,3054,91.23
53,2021,90.4
15,9920,66.53
99,1973,99.12
71,7006,71.26
88,1304,90.38
20,8155,50.07
63,7446,11.79
89,5232,67.49
69,7157,28.91
33,1601,79.59
73,9754,24.02
13,8902,30.69
31,199,36.67
52,1103,92.75
95,1667,77.24
29,5025,92.9
43,2473,50.14
91,7341,63.71
2,5086,89.45
40,8169,84.07
32,2114,86.63
98,4182,88.97
3,4697,85.56
42,4489,69.9
68,5851,42.03
46,7143,67.16
78,161,54.6
60,1608,1.97
55,8073,48.46
85,8976,46.02
1,9545,48.17
82,5219,51.12
27,6451,43.03
51,3749,15.27
59,772,65.09
64,5573,63.81
31,9962,30.05
49,6084,84.64
24,2277,61.25
59,4746,13.5
10,9685,47.02
97,732,47.72
19,927,55.06
25,7772,26.46
2,5443,99.27
37,6973,14.81
31,123,29.45
92,2298,20.35
19,7899,43.03
12,8184,54.15
94,3536,8.68
32,8576,69.86
50,8102,15.39
65,862,59.04
71,9759,65.07
58,5847,98.87
18,1918,28.16
20,940,79.8
11,8306,41.21
71,9857,16.09
79,6231,47.97
66,723,81.35
30,5040,2.29
65,8723,21.22
59,4126,15.98
65,5371,72.38
13,7333,36.36
9,4290,93.54
42,6022,99.06
65,6377,4.16
5,6742,80.91
56,3799,63.58
63,9643,96.59
72,9691,4.7
96,7680,11.96
84,569,88.37
53,1002,66.67
29,3363,70.04
38,1137,65.33
76,4142,18.33
1,7245,60.88
65,9330,61.18
96,1156,40.23
27,4156,48.69
53,3855,61.56
1,2660,0.64
11,5205,8.37
55,4624,8.97
92,6638,56.22
51,3692,87.29
84,1784,84.71
77,2194,56.45
55,5880,73.64
22,4734,80.84
39,4683,39.89
60,8891,95.86
22,8003,34.16
99,4377,27.99
4,5627,11.51
30,969,56.73
54,7931,41.32
18,7314,87.44
71,4434,86.61
36,6643,28.09
79,8242,10.16
62,2297,97.74
1,4809,68.59
80,7241,97.67
43,3404,70.57
69,2435,91.53
97,1227,57.8
22,4781,68.96
12,744,22.34
68,7629,6.75
93,3750,52.17
82,3401,26.8
87,8540,52.97
5,4338,9.23
75,3797,94.96
34,7505,84.4
30,1369,37.87
46,5817,42.18
87,1250,15.6
4,2254,0.38
28,4291,6.15
55,3112,54.4
68,8573,16.32
80,5334,81.75
47,5749,11.83
19,9692,81.93
49,3333,27.38
16,8249,44.21
76,6442,60.79
49,8563,84.2
12,1094,61.45
48,9916,18.89
46,1380,97.83
24,5974,55.63
39,518,92.18
91,4545,75.5
41,9652,44.57
86,8101,0.53
51,913,36.85
74,4784,92.86
71,1020,89.96
66,211,2.16
19,3818,92.99
22,9515,79.33
14,2938,63.38
85,4767,74.41
37,420,33.76
71,4781,12.06
21,7085,50
6,1047,46.91
51,9766,87.94
25,1383,98.37
4,9104,58.83
64,6346,56.14
50,2776,11.99
4,1893,59.83
90,6475,64.3
71,1080,92.06
22,478,75.91
75,4231,2.72
40,9591,46.89
32,6246,49.18
32,6907,72.9
38,9581,85.12
5,2662,71.59
30,7790,85.37
0,158,61.1
97,8951,88.74
18,2182,83.29
79,1058,61.99
92,994,96.34
62,2592,90.82
98,3467,33.54
3,8164,85
76,686,24.48
65,578,63.47
53,2415,27.71
22,9175,64.81
37,986,66.13
49,2049,27.07
1,3045,2.07
81,6117,26.23
55,1833,80.73
58,220,54.59
44,9771,61
7,5216,17.42
35,8623,92.76
39,3760,98.58
52,3877,68.86
45,4863,21.04
42,6924,87.23
37,8075,20.86
18,710,25.49
9,8726,45.2
9,3203,28.54
51,8738,56.73
92,326,20.78
54,7181,17.51
64,7931,26.5
56,4824,38.78
92,1623,4.55
43,2601,74.36
78,2706,98.4
47,7398,39.65
61,557,47.01
97,2114,60.1
8,2698,91.5
70,109,91.75
48,5633,29.2
39,224,34.87
0,4690,89.63
36,6332,47.28
55,1230,33.1
31,7781,59.09
45,931,42.8
27,923,15.55
60,9076,42.43
50,125,52.53
3,189,58.74
65,926,87.51
83,6790,4.61
80,2527,34.14
46,5041,27.42
35,1776,57.44
56,8025,17.56
85,3096,24.09
11,9866,34.97
5,1842,69.77
81,5778,53.7
34,2670,34.72
27,4556,30.18
57,3018,8.7
31,4621,32.49
56,9989,58.04
90,4113,76.1
58,2147,29.43
92,9625,24.33
8,1120,41.52
12,913,74.93
88,3896,52.46
3,6181,78.46
3,9062,28.84
